,formula,thickness,density,transmission,mu_per_cm,height_mm,height
0,Ni8740Co72Cr3576Al190Mo301Ti419Nb523Fe3290,2.7328,8.19,30.732179441583085,1.5731465201109467,0.0,0.0
1,Ni8692Co73Cr3565Al191Mo302Ti232Nb594Fe3264,2.7328004306163445,8.19,30.888388073592832,1.5663864842799324,0.065,0.065
2,Ni8790Co42Cr3597Al197Mo304Ti219Nb602Fe3193,2.7328003571186805,8.19,31.022412667009856,1.5606136713005236,0.1299,0.1299
3,Ni8819Co38Cr3744Al192Mo294Ti215Nb539Fe3222,2.7327815828944177,8.19,30.983919543153952,1.5622691206685149,0.1949,0.1949
4,Ni8828Co39Cr3580Al196Mo304Ti203Nb542Fe3226,2.7327598281920227,8.19,30.854361537293677,1.5678560890495445,0.2599,0.2599
5,Ni8849Co38Cr3590Al203Mo300Ti213Nb550Fe3223,2.733771571941027,8.19,30.870589174402525,1.5671550159914869,0.3249,0.3249
6,Ni8784Co43Cr3609Al195Mo304Ti212Nb549Fe3227,2.7361277207629193,8.19,30.908736069392646,1.5655084284667158,0.3898,0.3898
7,Ni8785Co34Cr3576Al192Mo313Ti235Nb597Fe3159,2.8040174804417566,8.19,31.048792438657863,1.559480358972472,0.4548,0.4548
8,Ni8894Co29Cr3514Al202Mo305Ti212Nb539Fe3167,2.8685248803586347,8.19,30.786906139335084,1.5707742823283006,0.5198,0.5198
9,Ni8851Co26Cr3546Al201Mo307Ti200Nb566Fe3158,2.93140473063661,8.19,30.928219463464362,1.5646682234663862,0.5848,0.5848
10,Ni8852Co28Cr3658Al198Mo309Ti199Nb539Fe3176,2.9858722953143086,8.19,30.96117313097187,1.5632483282095804,0.6497,0.6497
11,Ni8907Co27Cr3747Al199Mo307Ti184Nb490Fe3232,2.913830132311123,8.19,30.89793826357222,1.565974302896268,0.7147,0.7147
12,Ni8884Co16Cr3762Al201Mo311Ti202Nb584Fe3160,2.85005095577812,8.19,31.209458616040703,1.5525986351280805,0.7797,0.7797
13,Ni8862Co21Cr3777Al198Mo301Ti199Nb542Fe3167,2.7826062581989843,8.19,31.08650485215631,1.5578618514134923,0.8446,0.8446
14,Ni8872Co20Cr3693Al201Mo309Ti209Nb528Fe3174,2.78524617460879,8.19,30.99810015318445,1.5616590250161568,0.9096,0.9096
15,Ni8907Co20Cr3793Al200Mo303Ti211Nb530Fe3174,2.8563340516386675,8.19,31.05534806747966,1.559198869255674,0.9746,0.9746
16,Ni8867Co24Cr3822Al203Mo321Ti212Nb578Fe3150,2.8599847538059833,8.19,31.24354125497939,1.5511433480100827,1.0395,1.0395
17,Ni8899Co20Cr3907Al196Mo305Ti207Nb497Fe3217,2.8609614310265297,8.19,31.095944709227997,1.557457027342358,1.1045,1.1045
18,Ni8932Co14Cr3833Al198Mo302Ti209Nb522Fe3189,2.860917721723451,8.19,31.08554966875503,1.5579028208772903,1.1695,1.1695
19,Ni8884Co16Cr3775Al204Mo310Ti190Nb498Fe3179,2.8608992564863973,8.19,31.01612407944542,1.5608839801726442,1.2345,1.2345
20,Ni8876Co17Cr3691Al196Mo307Ti193Nb528Fe3169,2.860899953235104,8.19,30.997047469469457,1.5617043052789068,1.2994,1.2994
21,Ni8815Co14Cr3686Al221Mo328Ti221Nb614Fe3102,2.8608996811058893,8.19,31.318200487592534,1.5479610296165467,1.3644,1.3644
22,Ni8900Co19Cr3595Al196Mo311Ti202Nb554Fe3155,2.8608838201659785,8.19,30.95212489635465,1.5636380445804814,1.4294,1.4294
23,Ni8917Co15Cr3655Al196Mo304Ti193Nb470Fe3206,2.860900917160521,8.19,30.806056045799814,1.5699451872974228,1.4944,1.4944
24,Ni8884Co14Cr3797Al201Mo296Ti188Nb489Fe3221,2.8617845664993613,8.19,30.99899811509014,1.5616204011910282,1.5593,1.5593
25,Ni8865Co15Cr3877Al198Mo309Ti189Nb516Fe3190,2.861769059756877,8.19,31.16676128779079,1.5544240031923617,1.6243,1.6243
26,Ni8898Co15Cr3870Al198Mo305Ti202Nb552Fe3171,2.9305482307032915,8.19,31.211805131202112,1.5524983908620873,1.6893,1.6893
27,Ni8866Co13Cr3907Al199Mo306Ti208Nb531Fe3196,2.9429186545507946,8.19,31.237533774291336,1.5513997448237313,1.7542,1.7542
28,Ni8868Co14Cr3846Al206Mo301Ti194Nb529Fe3188,2.9221601289540207,8.19,31.160633198986332,1.554686192400373,1.8192,1.8192
29,Ni8951Co15Cr3907Al195Mo295Ti199Nb491Fe3188,2.9908007500760876,8.19,31.039452776287952,1.559881493944501,1.8842,1.8842
30,Ni8878Co12Cr3836Al200Mo311Ti192Nb512Fe3176,2.988442617114459,8.19,31.1299327020776,1.5560004844958326,1.9492,1.9492
31,Ni8874Co14Cr3860Al202Mo307Ti205Nb547Fe3160,2.9890432347405484,8.19,31.21882960638026,1.5521983469178575,2.0141,2.0141
32,Ni8937Co11Cr3819Al198Mo306Ti197Nb542Fe3160,2.988046224680522,8.19,31.134192849274562,1.555818029632099,2.0791,2.0791
33,Ni8867Co14Cr3892Al198Mo308Ti195Nb554Fe3162,2.9828131967003015,8.19,31.267889891871846,1.550104662757285,2.1441,2.1441
34,Ni8918Co12Cr3884Al201Mo321Ti210Nb579Fe3126,2.9153861009110944,8.19,31.32141697042436,1.5478240989022936,2.209,2.209
35,Ni8856Co12Cr3873Al204Mo303Ti198Nb550Fe3172,2.8575691322545476,8.19,31.254961350272826,1.5506560789313266,2.274,2.274
36,Ni8898Co13Cr3884Al195Mo318Ti193Nb514Fe3192,2.861128521920812,8.19,31.175211847768292,1.554062532009926,2.339,2.339
37,Ni8950Co20Cr3867Al196Mo301Ti189Nb486Fe3202,2.858941367635229,8.19,30.98218712013238,1.5623436742426244,2.404,2.404
38,Ni8847Co14Cr3865Al195Mo309Ti227Nb532Fe3166,2.893896286244345,8.19,31.210380347929195,1.5525592573958784,2.4689,2.4689
39,Ni8789Co15Cr3749Al231Mo306Ti368Nb520Fe3138,2.949629372647345,8.19,31.146633866471195,1.555285344887075,2.5339,2.5339
40,Ni8923Co13Cr3801Al198Mo311Ti205Nb553Fe3160,2.9461124482152528,8.19,31.15656104244109,1.554860447423698,2.5989,2.5989
41,Ni8910Co10Cr3836Al192Mo304Ti196Nb503Fe3194,2.946946632412132,8.19,31.078248173950186,1.5582160361823096,2.6639,2.6639
42,Ni8962Co11Cr3897Al199Mo299Ti182Nb454Fe3244,2.944695246698624,8.19,30.977203073065212,1.562558182361028,2.7288,2.7288
43,Ni8910Co13Cr3813Al197Mo310Ti192Nb542Fe3167,3.010286746656316,8.19,31.14675401791166,1.5552802014223814,2.7938,2.7938
44,Ni8661Co12Cr3767Al390Mo302Ti364Nb564Fe3094,3.0331830635380403,8.19,31.480056922318045,1.5410879389796543,2.8588,2.8588
45,Ni8846Co11Cr3818Al195Mo307Ti218Nb640Fe3098,2.983922101910161,8.19,31.423343570047297,1.5434921913070327,2.9237,2.9237
46,Ni8867Co12Cr3738Al198Mo317Ti212Nb608Fe3104,2.989164124005207,8.19,31.27979910993347,1.5495969235310787,2.9887,2.9887
47,Ni8803Co12Cr3494Al195Mo311Ti213Nb649Fe3087,2.9244086024335374,8.19,31.182173575671936,1.553764818953259,3.0537,3.0537
48,Ni8921Co11Cr3570Al196Mo307Ti191Nb509Fe3168,2.860137934044979,8.19,30.838374340068555,1.5685471351878248,3.1187,3.1187
49,Ni8933Co11Cr3699Al197Mo300Ti203Nb495Fe3181,2.8617501630852535,8.19,30.90448131097181,1.5656919818061847,3.1836,3.1836
50,Ni8831Co12Cr3746Al197Mo302Ti207Nb564Fe3139,2.8609288440484546,8.19,31.17747716594714,1.553965650085904,3.2486,3.2486
51,Ni8931Co12Cr3895Al201Mo307Ti211Nb521Fe3173,2.8608849885426704,8.19,31.161165911473226,1.5546633983435252,3.3136,3.3136
52,Ni8925Co11Cr3886Al199Mo306Ti196Nb486Fe3210,2.860899216738567,8.19,31.080662916497403,1.5581124418086387,3.3785,3.3785
53,Ni8873Co11Cr3907Al205Mo304Ti202Nb546Fe3180,2.860900261053996,8.19,31.274562361233528,1.5498201639719378,3.4435,3.4435
54,Ni8869Co13Cr3849Al200Mo304Ti192Nb510Fe3183,2.8609000188331146,8.19,31.123180382927373,1.55628972600648,3.5085,3.5085
55,Ni8563Co8Cr3730Al397Mo301Ti338Nb563Fe3048,2.8608999955915624,8.19,31.528708345838336,1.539028905532193,3.5735,3.5735
56,Ni8953Co11Cr3873Al201Mo312Ti179Nb472Fe3236,2.860899999583952,8.19,31.034518917906865,1.560093450024505,3.6384,3.6384
57,Ni8892Co10Cr3870Al205Mo317Ti207Nb510Fe3171,2.860900000072978,8.19,31.175575338984707,1.5540469859365853,3.7034,3.7034
58,Ni8962Co9Cr3883Al201Mo306Ti191Nb512Fe3206,2.860900000008808,8.19,31.124657250091538,1.5562264577454725,3.7684,3.7684
59,Ni8976Co7Cr3835Al198Mo306Ti197Nb543Fe3171,2.860899999998874,8.19,31.14695248927626,1.555271705267602,3.8333,3.8333
60,Ni8929Co11Cr3846Al194Mo301Ti184Nb489Fe3212,2.8609000000002354,8.19,31.031812656271768,1.560209723977148,3.8983,3.8983
61,Ni8955Co14Cr3827Al199Mo305Ti192Nb518Fe3196,2.860899999998031,8.19,31.061202858566343,1.5589475227780503,3.9633,3.9633
62,Ni8960Co12Cr3791Al202Mo300Ti196Nb496Fe3207,2.8608999999752176,8.19,30.97611527097024,1.5626050048019309,4.0283,4.0283
63,Ni8955Co201Cr3772Al236Mo389Ti257Nb485Fe2871,2.860900000086522,8.2,30.091164930569835,1.6012514416282233,4.0932,4.0932
64,Ni8892Co199Cr3761Al234Mo385Ti262Nb481Fe2889,2.860900001436944,8.2,30.115533935209328,1.6001720930317231,4.1582,4.1582
65,Ni8849Co187Cr3795Al229Mo369Ti244Nb469Fe2916,2.8608999966502555,8.2,30.16760775674391,1.5978685707743534,4.2232,4.2232
66,Ni8888Co175Cr3784Al238Mo372Ti239Nb462Fe2939,2.860899917996576,8.2,30.195090537795764,1.5966544530613802,4.2882,4.2882
67,Ni8986Co280Cr3804Al246Mo398Ti251Nb377Fe2864,2.860900105626655,8.2,29.480285985490685,1.6285978902848635,4.3531,4.3531
68,Ni8882Co359Cr3765Al269Mo449Ti290Nb426Fe2660,2.8609045709587018,8.2,29.327219329632744,1.6355388184630526,4.4181,4.4181
69,Ni8879Co350Cr3715Al259Mo446Ti284Nb471Fe2639,2.860898966309767,8.2,29.411534564041137,1.631711008633775,4.4831,4.4831
70,Ni8799Co303Cr3704Al271Mo428Ti280Nb509Fe2704,2.86064950371412,8.2,29.753939522324558,1.6162781891264746,4.548,4.548
71,Ni8835Co290Cr3825Al252Mo409Ti285Nb479Fe2750,2.8606985549626587,8.2,29.791761172708455,1.6145844018883835,4.613,4.613
72,Ni8833Co332Cr3822Al253Mo423Ti287Nb436Fe2716,2.881723324943048,8.2,29.50585636753204,1.6274418952156007,4.678,4.678
73,Ni8900Co404Cr3868Al265Mo444Ti280Nb366Fe2651,2.949874499673593,8.2,29.035800801797272,1.6488541426349723,4.7429,4.7429
74,Ni8869Co394Cr3721Al271Mo442Ti281Nb382Fe2637,2.9920269086701565,8.2,28.99381883357745,1.6507833631862674,4.8079,4.8079
75,Ni8840Co365Cr3937Al258Mo438Ti282Nb427Fe2677,2.9893976798392687,8.2,29.456078735470008,1.629693184686843,4.8729,4.8729
76,Ni8847Co357Cr3955Al262Mo407Ti302Nb386Fe2680,2.9847533930046066,8.2,29.343569607065934,1.634795676232639,4.9379,4.9379
77,Ni8836Co375Cr3912Al264Mo449Ti290Nb421Fe2660,3.0366318449522263,8.2,29.399703072224924,1.6322474817048571,5.0028,5.0028
78,Ni8840Co422Cr3881Al265Mo452Ti304Nb416Fe2580,2.9970958144139535,8.2,29.11931534627573,1.6450246325284217,5.0678,5.0678
79,Ni8852Co419Cr3926Al276Mo468Ti304Nb429Fe2555,3.0431960481777716,8.2,29.239203261887926,1.6395463996042672,5.1328,5.1328
80,Ni8809Co409Cr3920Al273Mo460Ti319Nb466Fe2559,3.080356426300816,8.2,29.377654803389895,1.633247788429127,5.1978,5.1978
81,Ni8842Co395Cr3917Al271Mo451Ti291Nb441Fe2594,3.027775308008616,8.2,29.3441771915736,1.6347680686749764,5.2627,5.2627
82,Ni8916Co399Cr4016Al267Mo444Ti287Nb388Fe2625,3.032156230230318,8.2,29.23861611362869,1.639573174349086,5.3277,5.3277
83,Ni8864Co429Cr3989Al275Mo466Ti300Nb412Fe2548,3.0310598909294613,8.2,29.195334148837215,1.641548371873238,5.3927,5.3927
84,Ni8867Co448Cr3849Al283Mo483Ti314Nb428Fe2518,3.0352310818642434,8.2,29.050746800707362,1.6481679941269585,5.4576,5.4576
85,Ni8843Co428Cr3803Al269Mo464Ti302Nb413Fe2567,2.9842407241548417,8.2,29.034784811994257,1.6489007980305228,5.5226,5.5226
86,Ni8873Co440Cr3785Al277Mo471Ti306Nb394Fe2557,2.990069199752874,8.2,28.91935832350067,1.654211969237007,5.5876,5.5876
87,Ni8889Co453Cr3914Al282Mo468Ti294Nb361Fe2563,3.003468960937026,8.2,28.88891612250501,1.6556162528095077,5.6526,5.6526
88,Ni8803Co425Cr3804Al278Mo475Ti329Nb439Fe2531,3.034804142328273,8.2,29.16304962575443,1.6430236024188478,5.7175,5.7175
89,Ni8851Co427Cr3813Al277Mo472Ti319Nb423Fe2551,2.9847619737669553,8.2,29.09299610702391,1.646230299182691,5.7825,5.7825
90,Ni8870Co435Cr3558Al273Mo471Ti317Nb425Fe2524,2.989110439474435,8.2,28.79053428721514,1.6601646979373499,5.8475,5.8475
91,Ni8839Co464Cr3668Al284Mo480Ti327Nb408Fe2488,2.989079473745641,8.2,28.756088796406367,1.661760875926686,5.9124,5.9124
92,Ni8910Co448Cr3614Al276Mo446Ti292Nb355Fe2569,2.988999488057428,8.2,28.541960502623827,1.6717265108591521,5.9774,5.9774
93,Ni8665Co421Cr3504Al274Mo503Ti399Nb624Fe2383,2.9889965145947235,8.2,29.45973175483525,1.6295278405304037,6.0424,6.0424
94,Ni8758Co437Cr3535Al285Mo493Ti346Nb495Fe2464,2.9889984698441654,8.2,29.04094692315643,1.6486178520218686,6.1074,6.1074
95,Ni8877Co450Cr3866Al280Mo444Ti306Nb387Fe2540,2.98910928763965,8.2,28.863511719334937,1.6567892784643814,6.1723,6.1723
96,Ni8937Co441Cr3959Al277Mo447Ti279Nb333Fe2593,2.9891981845992546,8.2,28.847175621689765,1.6575441287395118,6.2373,6.2373
97,Ni8822Co399Cr3997Al269Mo456Ti305Nb452Fe2560,2.983200221815574,8.2,29.441307643445892,1.630361967836292,6.3023,6.3023
98,Ni8834Co422Cr3951Al281Mo459Ti329Nb465Fe2514,3.0305533272564897,8.2,29.32098038274325,1.635822496254522,6.3673,6.3673
99,Ni8849Co429Cr3976Al274Mo457Ti304Nb416Fe2559,2.9837742865356343,8.2,29.183336472645543,1.642096411136339,6.4322,6.4322
100,Ni8932Co442Cr3963Al273Mo453Ti292Nb382Fe2571,2.9843548905640374,8.2,28.974238190363778,1.6516841187616027,6.4972,6.4972
101,Ni8901Co455Cr3840Al286Mo470Ti299Nb385Fe2523,2.917601817072302,8.2,28.85683406670131,1.657097784477757,6.5622,6.5622
102,Ni8716Co436Cr3645Al275Mo499Ti378Nb606Fe2371,2.857922664091324,8.2,29.430782792836286,1.6308387008414102,6.6271,6.6271
103,Ni8935Co443Cr3876Al279Mo454Ti268Nb316Fe2610,2.8614458461419705,8.2,28.739414210552628,1.662534250559445,6.6921,6.6921
104,Ni8752Co435Cr3869Al278Mo489Ti347Nb493Fe2493,2.8609541975675676,8.2,29.36167194458622,1.6339733833622205,6.7571,6.7571
105,Ni8800Co438Cr3877Al285Mo501Ti343Nb486Fe2466,2.8609533892166406,8.2,29.335563803788805,1.6351594990710234,6.822,6.822
106,Ni8847Co456Cr3820Al284Mo475Ti299Nb393Fe2525,2.861471273377187,8.2,28.8920788545784,1.6554702886874384,6.887,6.887
107,Ni8864Co456Cr3865Al284Mo469Ti310Nb397Fe2543,2.858019695643775,8.2,28.929913337556286,1.6537254167938655,6.952,6.952
108,Ni8787Co444Cr3769Al272Mo486Ti326Nb477Fe2471,2.9181105692694973,8.2,29.142750060438317,1.6439520208035512,7.017,7.017
109,Ni8917Co449Cr3855Al293Mo471Ti319Nb390Fe2518,2.985025521800269,8.2,28.91370456116386,1.6544726626684259,7.0819,7.0819
110,Ni8874Co432Cr3896Al278Mo452Ti327Nb393Fe2551,2.988052528508448,8.2,29.01861325469115,1.6496436340291012,7.1469,7.1469
111,Ni8874Co425Cr3775Al271Mo468Ti322Nb446Fe2531,2.9889392773694627,8.2,29.089822140722326,1.6463757701378776,7.2119,7.2119
112,Ni8822Co424Cr3818Al276Mo477Ti332Nb483Fe2516,2.9865026739201763,8.2,29.276183920689952,1.637861114621703,7.2769,7.2769
113,Ni8864Co432Cr3992Al275Mo450Ti286Nb361Fe2574,3.028030613060249,8.2,29.028310813997173,1.6491981296581997,7.3418,7.3418
114,Ni8721Co430Cr3861Al514Mo453Ti341Nb450Fe2487,3.0590871549332324,8.2,29.38255902350232,1.6330252242232055,7.4068,7.4068
115,Ni8835Co439Cr3966Al275Mo473Ti295Nb388Fe2551,3.0312275915854565,8.2,29.10093751899315,1.6458663935760998,7.4718,7.4718
116,Ni8806Co482Cr3827Al286Mo501Ti361Nb469Fe2397,3.0983684079338247,8.21,28.977295087787507,1.6515434542095242,7.5367,7.5367
117,Ni8856Co640Cr3916Al317Mo538Ti362Nb338Fe2246,3.116041390257884,8.21,28.06022362295653,1.6944228558517038,7.6017,7.6017
118,Ni8886Co662Cr3891Al319Mo542Ti345Nb304Fe2232,3.094454187767628,8.21,27.843675197850647,1.7047524637567515,7.6667,7.6667
119,Ni8836Co668Cr3995Al359Mo555Ti383Nb333Fe2203,3.116677117691869,8.21,28.071725531745063,1.6938764334013776,7.7317,7.7317
120,Ni8816Co710Cr3986Al324Mo586Ti414Nb347Fe2090,3.1131805352049327,8.21,27.936123191448182,1.7003327954220815,7.7966,7.7966
121,Ni8954Co712Cr4104Al335Mo532Ti339Nb271Fe2197,3.163240744902165,8.21,27.69541231623159,1.7118712091520185,7.8616,7.8616
122,Ni8870Co726Cr4028Al320Mo563Ti375Nb307Fe2123,3.1308177252087575,8.21,27.729890527871646,1.7102123655400148,7.9266,7.9266
123,Ni8824Co708Cr3993Al331Mo577Ti389Nb340Fe2121,3.117879872069586,8.21,27.919236639455747,1.7011389992818622,7.9915,7.9915
124,Ni8803Co712Cr3927Al327Mo573Ti402Nb360Fe2105,3.1169010037867624,8.21,27.88120781803055,1.7029563720134515,8.0565,8.0565
125,Ni8949Co738Cr4064Al326Mo545Ti346Nb275Fe2164,3.117082367221479,8.21,27.570413968485152,1.717902594514811,8.1215,8.1215
126,Ni8731Co724Cr3789Al331Mo615Ti442Nb459Fe1989,3.117103290325698,8.21,28.03914371262372,1.6954248831389325,8.1865,8.1865
127,Ni8886Co751Cr3868Al330Mo559Ti372Nb292Fe2107,3.1171003700241746,8.21,27.41440561170997,1.7254687446682275,8.2514,8.2514
128,Ni8879Co747Cr3814Al338Mo576Ti402Nb346Fe2071,3.1170999833324844,8.21,27.55443453475104,1.7186756002579833,8.3164,8.3164
129,Ni8870Co753Cr3892Al339Mo579Ti375Nb282Fe2086,3.117100323694203,8.21,27.459137408449806,1.7232949317310036,8.3814,8.3814
130,Ni8734Co776Cr3642Al340Mo625Ti453Nb382Fe1956,3.1170983068724962,8.21,27.500502430305147,1.721287881719399,8.4464,8.4464
131,Ni8877Co793Cr3996Al351Mo595Ti400Nb297Fe2023,3.117080194003127,8.21,27.452433542617076,1.7236204910864021,8.5113,8.5113
132,Ni8858Co781Cr3965Al349Mo611Ti412Nb329Fe2004,3.1171749057935894,8.21,27.591317259397208,1.7168920730803636,8.5763,8.5763
133,Ni8768Co760Cr3875Al327Mo602Ti420Nb370Fe2005,3.1182618703514757,8.21,27.697964655240277,1.7117483381928276,8.6413,8.6413
134,Ni8842Co788Cr3951Al331Mo586Ti404Nb328Fe2012,3.1140608436172474,8.21,27.480269768014615,1.722269202395452,8.7062,8.7062
135,Ni8785Co793Cr4027Al338Mo600Ti414Nb307Fe1983,3.1473247229938024,8.21,27.536873997568907,1.719525609124824,8.7712,8.7712
136,Ni8919Co825Cr4044Al358Mo607Ti396Nb257Fe1975,3.116461106522177,8.21,27.264027133119807,1.732802720189544,8.8362,8.8362
137,Ni8807Co818Cr3981Al347Mo620Ti412Nb323Fe1972,3.1166936768056988,8.21,27.46340671199941,1.7230876432728508,8.9012,8.9012
138,Ni8776Co815Cr4005Al347Mo628Ti445Nb329Fe1945,3.1171038609075445,8.21,27.5456754901744,1.7190995096184285,8.9661,8.9661
139,Ni8910Co824Cr3974Al347Mo590Ti380Nb257Fe2017,3.1171075038876914,8.21,27.1667498827658,1.7375685216597097,9.0311,9.0311
140,Ni8868Co816Cr3995Al350Mo599Ti380Nb264Fe2009,3.1171000765196717,8.21,27.275365414918145,1.7322483425708741,9.0961,9.0961
141,Ni8822Co810Cr4032Al342Mo602Ti441Nb328Fe1972,3.117099863138738,8.21,27.51505922714326,1.7205822972513312,9.161,9.161
142,Ni8888Co823Cr4042Al350Mo589Ti386Nb276Fe2006,3.11709999525109,8.21,27.289112593811648,1.7315764925719461,9.226,9.226
143,Ni8884Co812Cr3956Al340Mo615Ti398Nb319Fe1989,3.1171000327247778,8.21,27.407990387906683,1.725780793480425,9.291,9.291
144,Ni8821Co842Cr3870Al355Mo642Ti447Nb302Fe1913,3.1171000852841817,8.21,27.243238262365132,1.7338197771078265,9.356,9.356
145,Ni8975Co878Cr3685Al351Mo575Ti328Nb196Fe2002,3.117098417501077,8.21,26.42703064373757,1.774377082175034,9.4209,9.4209
146,Ni8845Co817Cr3795Al353Mo607Ti388Nb275Fe1996,3.117093650801114,8.21,27.12975184744416,1.7393856082058123,9.4859,9.4859
147,Ni8755Co810Cr3752Al349Mo634Ti453Nb360Fe1923,3.1171809382105287,8.21,27.414443013469658,1.7254669255888864,9.5509,9.5509
148,Ni8834Co823Cr3691Al345Mo606Ti400Nb304Fe1986,3.1175330502885745,8.21,27.067844148834734,1.7424316338653763,9.6158,9.6158
149,Ni8873Co818Cr3982Al339Mo593Ti371Nb239Fe2045,3.1130510389570123,8.21,27.18063481795735,1.7368872286250285,9.6808,9.6808
150,Ni8713Co800Cr3850Al340Mo653Ti462Nb421Fe1905,3.166006936386372,8.21,27.752982004395864,1.7091025226015333,9.7458,9.7458
151,Ni8938Co838Cr3877Al348Mo575Ti402Nb246Fe1998,3.125466379235485,8.21,26.940101178674027,1.7487390124114925,9.8108,9.8108
152,Ni8845Co837Cr4056Al357Mo610Ti413Nb297Fe1958,3.120263348056868,8.21,27.35601922712397,1.728311466538632,9.8757,9.8757
153,Ni8787Co822Cr4003Al342Mo621Ti437Nb350Fe1922,3.0838641720306104,8.21,27.528179115962175,1.7199466811084683,9.9407,9.9407
154,Ni8905Co846Cr3952Al348Mo598Ti375Nb248Fe1995,3.015651293202071,8.21,27.042635613976394,1.7436739581763077,10.0057,10.0057
155,Ni8841Co833Cr4007Al356Mo618Ti425Nb304Fe1939,2.987975935465803,8.21,27.35846335676809,1.728192344895741,10.0707,10.0707
156,Ni8769Co808Cr3958Al347Mo635Ti456Nb345Fe1930,2.989336422538245,8.21,27.585872426304082,1.7171552172354907,10.1356,10.1356
157,Ni8888Co826Cr4086Al343Mo615Ti403Nb273Fe1996,2.9873953434761704,8.21,27.36904796342477,1.7276765966473338,10.2006,10.2006
158,Ni8866Co816Cr4083Al343Mo603Ti407Nb305Fe1983,3.0567599057327315,8.21,27.462170809896293,1.723147646992264,10.2656,10.2656
159,Ni8835Co844Cr4188Al348Mo616Ti431Nb310Fe1931,3.034462780361634,8.21,27.491157698832282,1.7217410283257932,10.3305,10.3305
160,Ni8901Co823Cr3832Al354Mo590Ti402Nb266Fe1983,3.048151208124655,8.21,27.05602240704989,1.7430140875455538,10.3955,10.3955
161,Ni8859Co833Cr3609Al354Mo625Ti437Nb306Fe1936,3.1166020657719584,8.21,26.98339828227299,1.7465978500444885,10.4605,10.4605
162,Ni8827Co824Cr3502Al352Mo592Ti428Nb300Fe1957,3.1162311184951985,8.21,26.8367479234068,1.7538640620313697,10.5255,10.5255
163,Ni8782Co826Cr3601Al344Mo649Ti439Nb356Fe1900,3.1170930248358744,8.21,27.194693609680193,1.736197759463547,10.5904,10.5904
164,Ni8899Co829Cr3582Al344Mo597Ti390Nb272Fe1960,3.117097402867813,8.21,26.79373345654864,1.7560028694147798,10.6554,10.6554
165,Ni8775Co823Cr3659Al338Mo624Ti404Nb320Fe1952,3.117071496459051,8.21,27.12464253416597,1.739636736904309,10.7204,10.7204
166,Ni8841Co817Cr3656Al344Mo613Ti455Nb359Fe1913,3.118079497074016,8.21,27.19456941665764,1.7362038485586193,10.7853,10.7853
167,Ni8899Co837Cr3790Al349Mo597Ti370Nb237Fe1996,3.119778655593308,8.22,26.85160516734747,1.7531261120681905,10.8503,10.8503
168,Ni8793Co919Cr3970Al361Mo656Ti458Nb303Fe1799,3.186615643496051,8.22,26.98530990493439,1.7465033941902766,10.9153,10.9153
169,Ni8939Co1022Cr3998Al381Mo668Ti416Nb198Fe1729,3.2487151723238563,8.22,26.28875798220226,1.7813717217822866,10.9803,10.9803
170,Ni8805Co970Cr3936Al370Mo671Ti480Nb280Fe1720,3.2180986310186475,8.22,26.69923110622389,1.760713891354998,11.0452,11.0452
171,Ni8873Co994Cr4172Al378Mo638Ti417Nb214Fe1764,3.1504282708190576,8.22,26.574858107679276,1.766939468120346,11.1102,11.1102
172,Ni8801Co1037Cr3995Al386Mo718Ti491Nb258Fe1618,3.1146784426657335,8.22,26.51803834991393,1.7697933228164808,11.1752,11.1752
173,Ni8857Co1053Cr3955Al386Mo687Ti451Nb205Fe1659,3.114735938963426,8.22,26.19841035543315,1.785961934024665,11.2401,11.2401
174,Ni8837Co1015Cr3911Al376Mo693Ti453Nb241Fe1701,3.1509099771547215,8.22,26.425898155901624,1.7744342212519324,11.3051,11.3051
175,Ni8855Co1039Cr4036Al386Mo710Ti484Nb234Fe1633,3.1586344476689634,8.22,26.458682145462696,1.77278111210625,11.3701,11.3701
176,Ni8838Co1053Cr4048Al395Mo682Ti474Nb225Fe1646,3.1599795869349223,8.22,26.341714786671616,1.7786885197230904,11.4351,11.4351
177,Ni8881Co1085Cr4042Al393Mo697Ti449Nb199Fe1606,3.1604049656504167,8.22,26.14047098809344,1.788913946729554,11.5,11.5
178,Ni8842Co1102Cr4035Al405Mo729Ti482Nb216Fe1559,3.157477665608651,8.22,26.195670345445905,1.786101390490133,11.565,11.565
179,Ni8795Co1095Cr3989Al404Mo707Ti474Nb221Fe1558,3.221721635144325,8.22,26.149928427188907,1.788431643321186,11.63,11.63
180,Ni8923Co1117Cr4015Al410Mo686Ti445Nb168Fe1585,3.2458925447805913,8.22,25.877006759220432,1.8024205086639489,11.695,11.695
181,Ni8755Co1099Cr4024Al415Mo750Ti529Nb226Fe1509,3.2454410588216684,8.22,26.30208846713205,1.7806957874139677,11.7599,11.7599
182,Ni8666Co1106Cr4004Al410Mo758Ti699Nb245Fe1467,3.2451920461600063,8.22,26.386286701163986,1.7764343385744967,11.8249,11.8249
183,Ni8898Co1145Cr3996Al406Mo720Ti467Nb187Fe1522,3.245195464947735,8.22,25.860119636383068,1.8032909151264416,11.8899,11.8899
184,Ni8883Co1134Cr4008Al401Mo713Ti436Nb190Fe1557,3.245200056688921,8.22,25.91052937645087,1.8006943470215167,11.9548,11.9548
185,Ni8854Co1140Cr3968Al410Mo735Ti490Nb204Fe1508,3.2451999930024726,8.22,25.946822326951125,1.7988280500750609,12.0198,12.0198
186,Ni8677Co1106Cr3953Al399Mo768Ti583Nb263Fe1463,3.2451999642476554,8.22,26.349536321205953,1.7782926774316372,12.0848,12.0848
187,Ni8816Co1134Cr3809Al408Mo729Ti498Nb210Fe1491,3.2452049450430027,8.22,25.818460971896716,1.8054405445225787,12.1498,12.1498
188,Ni8769Co1137Cr3928Al398Mo749Ti516Nb226Fe1486,3.245207171875516,8.22,26.02284190586171,1.7949273317488423,12.2147,12.2147
189,Ni8826Co1129Cr3861Al400Mo727Ti478Nb211Fe1517,3.2449363446386346,8.22,25.882670659763164,1.8021287036219924,12.2797,12.2797
190,Ni8794Co1138Cr3712Al411Mo765Ti533Nb240Fe1459,3.244509366138976,8.22,25.871831958612095,1.8026871710408603,12.3447,12.3447
191,Ni8857Co1156Cr3875Al409Mo735Ti530Nb220Fe1471,3.269332794928722,8.22,25.82733427679417,1.8049823824105988,12.4096,12.4096
192,Ni8835Co1148Cr3764Al410Mo733Ti493Nb200Fe1491,3.3376216605474722,8.22,25.697816389915438,1.811685550759492,12.4746,12.4746
193,Ni8866Co1141Cr3889Al405Mo725Ti471Nb193Fe1508,3.375770155190922,8.22,25.800308582693134,1.8063783114167273,12.5396,12.5396
194,Ni8884Co1147Cr3799Al411Mo712Ti471Nb199Fe1514,3.373507307828446,8.22,25.67237814705804,1.8130060697967012,12.6046,12.6046
195,Ni8894Co1155Cr3851Al411Mo716Ti475Nb178Fe1496,3.373253644569607,8.22,25.6426954438223,1.8145485772625287,12.6695,12.6695
196,Ni8862Co1160Cr3899Al405Mo734Ti455Nb185Fe1505,3.3732627592286533,8.22,25.732545887492847,1.8098848244275052,12.7345,12.7345
197,Ni8725Co1127Cr3943Al392Mo758Ti541Nb255Fe1466,3.373539430921262,8.22,26.178279691714362,1.7869868512638367,12.7995,12.7995
198,Ni8884Co1164Cr3918Al403Mo730Ti480Nb207Fe1482,3.3753385273169747,8.22,25.76993919867649,1.8079486942806893,12.8644,12.8644
199,Ni8827Co1143Cr3736Al413Mo731Ti507Nb213Fe1502,3.3404764420413,8.22,25.7306878557533,1.8099811019240253,12.9294,12.9294
200,Ni8825Co1154Cr3868Al402Mo719Ti493Nb196Fe1491,3.2716109010787857,8.22,25.732558035072913,1.8098841950001,12.9944,12.9944
201,Ni8665Co1121Cr3732Al413Mo750Ti534Nb261Fe1469,3.2466040205427276,8.22,26.02211300538993,1.7949646789728886,13.0594,13.0594
202,Ni8806Co1141Cr3627Al409Mo744Ti496Nb222Fe1469,3.185850456955328,8.22,25.666315636918917,1.813320972506293,13.1243,13.1243
203,Ni8834Co1156Cr3602Al417Mo722Ti488Nb200Fe1478,3.1222103813635056,8.22,25.47461542935276,1.823316937326804,13.1893,13.1893
204,Ni8819Co1158Cr3554Al407Mo740Ti494Nb203Fe1477,3.0579061842743487,8.22,25.467385678338477,1.8236953939195626,13.2543,13.2543
205,Ni8845Co1156Cr3625Al402Mo729Ti477Nb182Fe1486,2.990792913076715,8.22,25.455811135241298,1.824301511577566,13.3192,13.3192
206,Ni8832Co1156Cr3530Al411Mo741Ti497Nb182Fe1467,2.9897206757074204,8.22,25.397535791410714,1.8273573770082103,13.3842,13.3842
207,Ni8770Co1176Cr3563Al415Mo769Ti493Nb191Fe1448,2.989155213243466,8.22,25.453762190123996,1.8244088362572322,13.4492,13.4492
208,Ni8774Co1147Cr3636Al408Mo760Ti526Nb213Fe1452,3.0068127583584827,8.22,25.680911707888086,1.8125629402038903,13.5142,13.5142
209,Ni8689Co1127Cr3883Al402Mo776Ti521Nb236Fe1486,3.0749519828796354,8.22,26.136918209097576,1.7890951737855023,13.5791,13.5791
210,Ni8857Co1164Cr3924Al407Mo767Ti503Nb209Fe1456,3.120142591574715,8.22,25.876131996452628,1.8024655822724382,13.6441,13.6441
211,Ni8713Co1166Cr3882Al414Mo774Ti514Nb216Fe1429,3.11682267478148,8.22,25.90280735160439,1.8010917749369935,13.7091,13.7091
212,Ni8846Co1171Cr3931Al406Mo723Ti477Nb191Fe1489,3.1389980456063324,8.22,25.716672471078784,1.8107075601877567,13.7741,13.7741
213,Ni8782Co1140Cr3963Al405Mo750Ti475Nb211Fe1494,3.2072150553936,8.22,26.001991863364545,1.7959960543621465,13.839,13.839
214,Ni8843Co1148Cr3750Al424Mo733Ti486Nb191Fe1483,3.247996916629635,8.22,25.66393409471272,1.813444696416741,13.904,13.904
215,Ni8839Co1151Cr3881Al399Mo718Ti489Nb180Fe1495,3.2453713648067044,8.22,25.710072521856763,1.8110497919329527,13.969,13.969
216,Ni8810Co1185Cr3879Al403Mo753Ti498Nb195Fe1436,3.2451518116615157,8.22,25.68422375016087,1.8123909925849284,14.0339,14.0339
217,Ni8810Co1179Cr3915Al408Mo767Ti509Nb212Fe1425,3.245196080987232,8.22,25.820130282303033,1.8053543397228295,14.0989,14.0989
218,Ni8855Co1334Cr3997Al437Mo775Ti520Nb140Fe1245,3.2452007984301408,8.22,25.09199147749164,1.8434952738720976,14.1639,14.1639
219,Ni8874Co1311Cr3948Al434Mo779Ti517Nb142Fe1264,3.245200045573245,8.23,25.10207919788911,1.8429593422824333,14.2289,14.2289
220,Ni8780Co1295Cr3931Al453Mo792Ti539Nb156Fe1261,3.245200280293418,8.23,25.255725558188423,1.8348230682559497,14.2938,14.2938
221,Ni8789Co1298Cr4050Al428Mo811Ti592Nb176Fe1240,3.2452024600137888,8.23,25.44434882025698,1.8249020239106297,14.3588,14.3588
222,Ni8827Co1354Cr4023Al442Mo792Ti542Nb129Fe1219,3.2451861808995304,8.23,25.02406294042284,1.8471097419013793,14.4238,14.4238
223,Ni8833Co1361Cr4049Al440Mo797Ti543Nb133Fe1199,3.24505152767342,8.23,25.033484096614682,1.8466078578706597,14.4887,14.4887
224,Ni8794Co1371Cr3930Al438Mo799Ti563Nb140Fe1164,3.2458236140308947,8.23,24.899097975687795,1.8537848120661258,14.5537,14.5537
225,Ni8843Co1383Cr4010Al444Mo825Ti547Nb132Fe1147,3.2559442850524625,8.23,24.955003696554282,1.8507944465836355,14.6187,14.6187
226,Ni8866Co1399Cr4004Al453Mo811Ti544Nb133Fe1133,3.3284049585454807,8.23,24.853248007902813,1.8562423165909003,14.6836,14.6836
227,Ni8816Co1405Cr4001Al450Mo842Ti584Nb132Fe1084,3.3460529611054786,8.23,24.901672577648686,1.853646950640311,14.7486,14.7486
228,Ni8882Co1413Cr3823Al459Mo813Ti535Nb112Fe1109,3.3739573766399706,8.23,24.56113626882047,1.8720064250162967,14.8136,14.8136
229,Ni8869Co1415Cr3973Al458Mo817Ti536Nb115Fe1102,3.3735800279479546,8.23,24.720650937814366,1.863374961745917,14.8785,14.8785
230,Ni8864Co1406Cr3928Al452Mo810Ti548Nb119Fe1102,3.3733461375036766,8.23,24.702798128029045,1.8643382189797058,14.9435,14.9435
231,Ni8784Co1417Cr3936Al442Mo830Ti537Nb133Fe1103,3.3766890591468957,8.23,24.759263939105175,1.8612939552486258,15.0085,15.0085
232,Ni8777Co1431Cr3869Al466Mo849Ti575Nb115Fe1048,3.3302711746955818,8.23,24.651160158013965,1.8671282951641244,15.0734,15.0734
233,Ni8833Co1442Cr3856Al464Mo824Ti546Nb107Fe1056,3.262047841715095,8.23,24.497407278051067,1.875470532563976,15.1384,15.1384
234,Ni8825Co1435Cr3871Al461Mo858Ti577Nb116Fe1048,3.245474224215323,8.23,24.648160641922406,1.8672905430299689,15.2034,15.2034
235,Ni8864Co1459Cr3911Al460Mo819Ti540Nb97Fe1071,3.2449770447160065,8.23,24.45098306310222,1.8779996850608638,15.2684,15.2684
236,Ni8795Co1461Cr3916Al460Mo861Ti578Nb112Fe1009,3.2451879245495925,8.23,24.584866566486816,1.8707188167665088,15.3333,15.3333
237,Ni8732Co1468Cr3943Al466Mo854Ti598Nb119Fe999,3.245275092124641,8.23,24.60919001770105,1.8694003131430899,15.3983,15.3983
238,Ni8866Co1467Cr3776Al476Mo853Ti544Nb104Fe1023,3.245456510053291,8.23,24.37292157188385,1.8822632554474212,15.4633,15.4633
239,Ni8683Co1454Cr3916Al450Mo873Ti650Nb147Fe990,3.241529114944516,8.23,24.760971518955476,1.8612020020051252,15.5282,15.5282
240,Ni8776Co1439Cr3844Al473Mo846Ti591Nb104Fe1015,3.2959957431907343,8.23,24.559310158729303,1.8721055614709947,15.5932,15.5932
241,Ni8838Co1460Cr3824Al474Mo852Ti569Nb93Fe1026,3.363934516855097,8.23,24.434231116343824,1.878913496333266,15.6582,15.6582
242,Ni8829Co1483Cr3837Al464Mo834Ti563Nb97Fe1027,3.3724562444064383,8.23,24.32452570422097,1.8849134085212917,15.7231,15.7231
243,Ni8811Co1479Cr3860Al460Mo841Ti566Nb96Fe1019,3.373430441308882,8.23,24.37451349855172,1.882176171116187,15.7881,15.7881
244,Ni8880Co1482Cr3898Al456Mo817Ti528Nb94Fe1029,3.3732796977422206,8.23,24.312095578745566,1.8855949320546923,15.8531,15.8531
245,Ni8772Co1448Cr3655Al471Mo873Ti618Nb119Fe1011,3.3735189892605613,8.23,24.443666018481533,1.87839874956998,15.918,15.918
246,Ni8835Co1450Cr3705Al460Mo831Ti559Nb104Fe1040,3.3755966426650446,8.23,24.31869534529721,1.8852330342273138,15.983,15.983
247,Ni8904Co1465Cr3711Al471Mo830Ti541Nb91Fe1049,3.3387830799472664,8.23,24.228022976265404,1.890213664712844,16.048,16.048
248,Ni8805Co1452Cr3801Al458Mo886Ti597Nb116Fe1015,3.27060465446139,8.23,24.5770202572826,1.8711444206792291,16.1129,16.1129
249,Ni8855Co1476Cr3675Al470Mo845Ti546Nb97Fe1025,3.2443333208450325,8.23,24.20188238864227,1.8916530282611743,16.1779,16.1779
250,Ni8833Co1465Cr3602Al463Mo854Ti575Nb102Fe1019,3.244934631141682,8.23,24.208649892267587,1.8912802441664445,16.2429,16.2429
251,Ni8814Co1467Cr3597Al468Mo864Ti603Nb111Fe1002,3.2452106543824457,8.23,24.253094668177578,1.888834615418858,16.3078,16.3078
252,Ni8791Co1483Cr3630Al463Mo884Ti577Nb106Fe990,3.2452050246035338,8.23,24.249466469149812,1.8890340934917378,16.3728,16.3728
253,Ni8845Co1427Cr3682Al456Mo835Ti561Nb121Fe1079,3.245199910313157,8.23,24.443624894812913,1.878400992752498,16.4378,16.4378
254,Ni8805Co1421Cr3667Al457Mo858Ti578Nb126Fe1053,3.245200009623163,8.23,24.521132597949645,1.8741798469411484,16.5027,16.5027
255,Ni8796Co1481Cr3755Al458Mo831Ti533Nb115Fe1044,3.245200005762309,8.23,24.28296298735013,1.8871935908892932,16.5677,16.5677
256,Ni8832Co1490Cr3901Al468Mo851Ti553Nb98Fe984,3.245194358516131,8.23,24.38405325348582,1.8816544300456401,16.6327,16.6327
257,Ni8847Co1485Cr3931Al463Mo855Ti569Nb92Fe997,3.245193477492799,8.23,24.43311191777781,1.8789745704437986,16.6977,16.6977
258,Ni8768Co1469Cr3885Al462Mo886Ti650Nb126Fe976,3.2455024787487377,8.23,24.638078812644594,1.8678360275048786,16.7626,16.7626
259,Ni8875Co1474Cr3987Al476Mo829Ti559Nb99Fe1019,3.245878563375474,8.23,24.49398892161887,1.8756565982382458,16.8276,16.8276
260,Ni8842Co1479Cr3926Al472Mo859Ti578Nb97Fe1003,3.2195068220648086,8.23,24.485146077006785,1.876138046496212,16.8926,16.8926
261,Ni8843Co1482Cr3879Al464Mo841Ti564Nb93Fe1015,3.2075333810783526,8.23,24.369091362252934,1.8824728055204545,16.9575,16.9575
262,Ni8883Co1477Cr3834Al478Mo848Ti552Nb89Fe998,3.2481686436443398,8.23,24.337004420016655,1.8842295710813337,17.0225,17.0225
263,Ni8874Co1480Cr3833Al467Mo841Ti545Nb89Fe1008,3.245427626717414,8.23,24.30448731187636,1.8860122528660395,17.0875,17.0875
264,Ni8681Co1468Cr4023Al456Mo921Ti658Nb131Fe957,3.245149757867819,8.23,24.8843060592407,1.8545771466292404,17.1524,17.1524
265,Ni8924Co1490Cr3973Al468Mo799Ti522Nb92Fe1035,3.245195030100479,8.23,24.312096035421508,1.8855949070094942,17.2174,17.2174
266,Ni8837Co1475Cr3843Al476Mo879Ti583Nb102Fe988,3.245200819805757,8.23,24.47395922895097,1.876747363091118,17.2824,17.2824
267,Ni8832Co1556Cr3822Al487Mo898Ti625Nb79Fe850,3.245200103978806,8.23,24.11447185036338,1.8964773786642202,17.3473,17.3473
268,Ni8575Co1517Cr3739Al468Mo867Ti607Nb78Fe839,3.245199987114248,8.24,24.075491818617607,1.8986343998793964,17.4123,17.4123
269,Ni8905Co1574Cr3998Al490Mo865Ti573Nb65Fe868,3.245199999304236,8.24,24.052563215568274,1.8999048220073471,17.4773,17.4773
270,Ni8865Co1613Cr3954Al502Mo933Ti641Nb57Fe761,3.245199993773233,8.24,24.005834374932,1.9024977149712117,17.5422,17.5422
271,Ni8879Co1642Cr3908Al503Mo933Ti611Nb51Fe742,3.24519991625691,8.24,23.821831234872057,1.9127569959701505,17.6072,17.6072
272,Ni8790Co1620Cr3915Al504Mo959Ti661Nb56Fe731,3.245200272624473,8.24,24.010569487942927,1.9022347430063364,17.6722,17.6722
273,Ni8972Co1665Cr3841Al503Mo896Ti568Nb44Fe758,3.245204840048126,8.24,23.546404493854943,1.9282627368025536,17.7371,17.7371
274,Ni8807Co1669Cr3998Al506Mo953Ti646Nb46Fe683,3.245189572960115,8.24,23.855656879424117,1.9108650814103179,17.8021,17.8021
275,Ni8882Co1673Cr3978Al517Mo945Ti647Nb40Fe690,3.244924699238097,8.24,23.787485253751147,1.9146807643758528,17.8671,17.8671
276,Ni8876Co1694Cr3910Al511Mo905Ti607Nb40Fe704,3.245508318313225,8.24,23.54110673324909,1.9285627603397308,17.932,17.932
277,Ni8859Co1683Cr3846Al513Mo944Ti633Nb38Fe685,3.2650893971566,8.24,23.60624411262508,1.924878570544644,17.997,17.997
278,Ni8913Co1689Cr3897Al514Mo946Ti616Nb31Fe684,3.2879294599065854,8.24,23.609353116773846,1.9247029786167955,18.062,18.062
279,Ni8911Co1709Cr3951Al517Mo930Ti602Nb32Fe673,3.306191760537621,8.24,23.552344592007685,1.927926416578937,18.127,18.127
280,Ni8877Co1728Cr4030Al526Mo950Ti653Nb26Fe641,3.3740584055617044,8.24,23.618313852280483,1.924197018943057,18.1919,18.1919
281,Ni8968Co1741Cr4059Al523Mo928Ti602Nb23Fe637,3.371550218170043,8.24,23.504974966522727,1.9306107820537532,18.2569,18.2569
282,Ni8784Co1707Cr4037Al514Mo1014Ti699Nb36Fe620,3.371179682223795,8.24,23.884794928097065,1.9092374999812698,18.3219,18.3219
283,Ni8898Co1732Cr4059Al519Mo938Ti618Nb24Fe629,3.305022747884337,8.24,23.57179259369386,1.9268258905243216,18.3868,18.3868
284,Ni8822Co1742Cr3936Al522Mo942Ti654Nb21Fe593,3.243020312893108,8.24,23.42861237831175,1.9349495458212853,18.4518,18.4518
285,Ni8872Co1745Cr3983Al530Mo959Ti628Nb18Fe601,3.2458825237145987,8.24,23.48933294780872,1.931498380005413,18.5168,18.5168
286,Ni8988Co1771Cr4013Al524Mo908Ti580Nb16Fe605,3.245183818360098,8.24,23.269041401174146,1.944061872190941,18.5817,18.5817
287,Ni8924Co1756Cr4040Al519Mo940Ti628Nb17Fe600,3.245948027792591,8.24,23.44664511841841,1.9339236888576916,18.6467,18.6467
288,Ni8885Co1739Cr4034Al529Mo955Ti643Nb20Fe584,3.2497526081585897,8.24,23.550946912451945,1.928005543649764,18.7117,18.7117
289,Ni8860Co1748Cr3980Al524Mo972Ti683Nb26Fe560,3.1571086485734887,8.24,23.525936506451252,1.9294222564275216,18.7766,18.7766
290,Ni8881Co1756Cr3944Al529Mo968Ti672Nb16Fe566,2.9570108802655053,8.24,23.428887479899497,1.934933889752647,18.8416,18.8416
291,Ni8837Co1748Cr4001Al536Mo971Ti688Nb16Fe560,2.761208168742023,8.24,23.535840437615676,1.9288610688734178,18.9066,18.9066
292,Ni8838Co1754Cr4051Al530Mo979Ti670Nb17Fe560,2.5665855382031704,8.24,23.57461437150861,1.926666286827398,18.9715,18.9715
293,Ni8839Co1759Cr4077Al533Mo993Ti692Nb13Fe551,2.371601401412944,8.24,23.61391051434176,1.9244456253700195,19.0365,19.0365
294,Ni8777Co1750Cr4047Al531Mo994Ti684Nb19Fe548,2.176600287100297,8.24,23.634528976468502,1.9232819346798298,19.1015,19.1015
295,Ni8901Co1774Cr4083Al532Mo984Ti654Nb8Fe553,1.981899979975721,8.24,23.511399803354607,1.9302463792598576,19.1664,19.1664
296,Ni8858Co1752Cr4060Al541Mo1012Ti680Nb16Fe541,1.7868999947721116,8.24,23.663811631578632,1.9216309869030892,19.2314,19.2314
297,Ni8900Co1774Cr4085Al535Mo974Ti637Nb14Fe554,1.5918999994783403,8.24,23.499803933490913,1.9309041441713186,19.2964,19.2964
298,Ni8911Co1781Cr4100Al527Mo972Ti647Nb13Fe544,1.397199980811915,8.24,23.47638458647379,1.932233575084876,19.3613,19.3613
299,Ni8886Co1776Cr4143Al532Mo1007Ti677Nb12Fe538,1.20220002387054,8.24,23.631462123509227,1.9234549612974723,19.4263,19.4263
300,Ni8882Co1755Cr4019Al524Mo986Ti668Nb14Fe559,1.0072010791059878,8.24,23.535534327731433,1.9288784104749483,19.4913,19.4913
301,Ni8791Co1752Cr4149Al530Mo993Ti711Nb13Fe547,0.8124997567896004,8.24,23.721181364181497,1.9184024113840017,19.5562,19.5562
302,Ni8921Co1770Cr4118Al535Mo991Ti637Nb9Fe547,0.6174409178271777,8.24,23.56659231056793,1.927120075862949,19.6212,19.6212
303,Ni8992Co1810Cr4213Al532Mo950Ti588Nb9Fe549,0.4224490432735287,8.24,23.40171007805037,1.9364814480481396,19.6862,19.6862
304,Ni8980Co1803Cr4117Al533Mo918Ti581Nb5Fe556,0.23068624395418763,8.24,23.249083018454662,1.945205993065296,19.7512,19.7512
305,Ni8924Co1797Cr4047Al530Mo965Ti642Nb12Fe531,0.039017429690718884,8.24,23.34371985984447,1.9397895930671754,19.8161,19.8161
306,Ni8818Co1758Cr4049Al533Mo1012Ti714Nb9Fe524,0.01866509165345765,8.24,23.623382909574346,1.9239108842972803,19.8811,19.8811
307,Ni8899Co1796Cr4142Al531Mo978Ti642Nb5Fe534,0.0008266412509943146,8.24,23.461580499612833,1.9330746334093938,19.9461,19.9461
308,Ni8931Co1791Cr4181Al536Mo989Ti669Nb7Fe534,0.00027721250419391247,8.24,23.556622800738168,1.927684242800198,20.011,20.011
309,Ni8853Co1790Cr4021Al535Mo970Ti674Nb9Fe528,1.96896196183373e-05,8.24,23.372098913101023,1.9381696389135759,20.076,20.076
310,Ni8896Co1800Cr4153Al545Mo977Ti669Nb6Fe531,4.6877819289077905e-06,8.24,23.479988125000663,1.9320289290371593,20.141,20.141
311,Ni8857Co1780Cr4140Al534Mo1009Ti701Nb11Fe526,4.3634386708431493e-07,8.24,23.628001638721337,1.9236502229173944,20.2059,20.2059
312,Ni8944Co1806Cr4024Al537Mo950Ti615Nb11Fe543,7.791094824942968e-08,8.24,23.25061920782375,1.94511789561973,20.2709,20.2709
313,Ni8783Co1769Cr4130Al529Mo1034Ti707Nb12Fe521,1.0636926225698646e-08,8.24,23.723842574734867,1.9182528369735803,20.3359,20.3359
314,Ni8972Co1793Cr4003Al540Mo973Ti637Nb8Fe530,1.0136909248322089e-08,8.24,23.319363048452644,1.941181517880015,20.4008,20.4008
