,formula,thickness,density,transmission,mu_per_cm,height_mm
0,Ni8740Co72Cr3576Al190Mo301Ti419Nb523Fe3290,2.7328,8.19,64.82280146391894,1.5863318577281986,0.0
1,Ni8692Co73Cr3565Al191Mo302Ti232Nb594Fe3264,2.7328004306163445,8.19,64.94861822062188,1.5792361299860416,0.065
2,Ni8790Co42Cr3597Al197Mo304Ti219Nb602Fe3193,2.7328003571186805,8.19,65.05752218929949,1.573105585841735,0.1299
3,Ni8819Co38Cr3744Al192Mo294Ti215Nb539Fe3222,2.7327815828944177,8.19,65.02724080673697,1.5748200194456363,0.1949
4,Ni8828Co39Cr3580Al196Mo304Ti203Nb542Fe3226,2.7327598281920227,8.19,64.92833315476693,1.5804026638590685,0.2599
5,Ni8849Co38Cr3590Al203Mo300Ti213Nb550Fe3223,2.733771571941027,8.19,64.93058116492757,1.5796911245334813,0.3249
6,Ni8784Co43Cr3609Al195Mo304Ti212Nb549Fe3227,2.7361277207629193,8.19,64.93509463026982,1.5780767682843864,0.3898
7,Ni8785Co34Cr3576Al192Mo313Ti235Nb597Fe3159,2.8040174804417566,8.19,64.35789254472066,1.5717113472839128,0.4548
8,Ni8894Co29Cr3514Al202Mo305Ti212Nb539Fe3167,2.8685248803586347,8.19,63.504897852223074,1.5828802972630636,0.5198
9,Ni8851Co26Cr3546Al201Mo307Ti200Nb566Fe3158,2.93140473063661,8.19,62.99375202371377,1.5764955071251858,0.5848
10,Ni8852Co28Cr3658Al198Mo309Ti199Nb539Fe3176,2.9858722953143086,8.19,62.48349433857737,1.5749761148343202,0.6497
11,Ni8907Co27Cr3747Al199Mo307Ti184Nb490Fe3232,2.913830132311123,8.19,63.1418523971987,1.5779449881286822,0.7147
12,Ni8884Co16Cr3762Al201Mo311Ti202Nb584Fe3160,2.85005095577812,8.19,64.02556519146259,1.564490365932545,0.7797
13,Ni8862Co21Cr3777Al198Mo301Ti199Nb542Fe3167,2.7826062581989843,8.19,64.60440172020986,1.5700663295419177,0.8446
14,Ni8872Co20Cr3693Al201Mo309Ti209Nb528Fe3174,2.78524617460879,8.19,64.5091301677614,1.5738767481731355,0.9096
15,Ni8907Co20Cr3793Al200Mo303Ti211Nb530Fe3174,2.8563340516386675,8.19,63.83967885681867,1.571228207849228,0.9746
16,Ni8867Co24Cr3822Al203Mo321Ti212Nb578Fe3150,2.8599847538059833,8.19,63.95160640841001,1.5630976281520634,1.0395
17,Ni8899Co20Cr3907Al196Mo305Ti207Nb497Fe3217,2.8609614310265297,8.19,63.824841364112515,1.5694993419904324,1.1045
18,Ni8932Co14Cr3833Al198Mo302Ti209Nb522Fe3189,2.860917721723451,8.19,63.8186144506341,1.5698643558755698,1.1695
19,Ni8884Co16Cr3775Al204Mo310Ti190Nb498Fe3179,2.8608992564863973,8.19,63.76394552238882,1.5728700392366803,1.2345
20,Ni8876Co17Cr3691Al196Mo307Ti193Nb528Fe3169,2.860899953235104,8.19,63.74932922067541,1.5736709825327335,1.2994
21,Ni8815Co14Cr3686Al221Mo328Ti221Nb614Fe3102,2.8608996811058893,8.19,64.0038093779011,1.559745648605057,1.3644
22,Ni8900Co19Cr3595Al196Mo311Ti202Nb554Fe3155,2.8608838201659785,8.19,63.71419029028178,1.5756070817460557,1.4294
23,Ni8917Co15Cr3655Al196Mo304Ti193Nb470Fe3206,2.860900917160521,8.19,63.59769118416831,1.581994733623546,1.4944
24,Ni8884Co14Cr3797Al201Mo296Ti188Nb489Fe3221,2.8617845664993613,8.19,63.74174015702959,1.5736005490416032,1.5593
25,Ni8865Co15Cr3877Al198Mo309Ti189Nb516Fe3190,2.861769059756877,8.19,63.874248631985196,1.5663524598715397,1.6243
26,Ni8898Co15Cr3870Al198Mo305Ti202Nb552Fe3171,2.9305482307032915,8.19,63.229415556577564,1.5642143415098155,1.6893
27,Ni8866Co13Cr3907Al199Mo306Ti208Nb531Fe3196,2.9429186545507946,8.19,63.12822155650154,1.5630818215957807,1.7542
28,Ni8868Co14Cr3846Al206Mo301Ti194Nb529Fe3188,2.9221601289540207,8.19,63.27137658620543,1.5664341635543355,1.8192
29,Ni8951Co15Cr3907Al195Mo295Ti199Nb491Fe3188,2.9908007500760876,8.19,62.49904917785396,1.5715484975180505,1.8842
30,Ni8878Co12Cr3836Al200Mo311Ti192Nb512Fe3176,2.988442617114459,8.19,62.59660116445497,1.567569680511019,1.9492
31,Ni8874Co14Cr3860Al202Mo307Ti205Nb547Fe3160,2.9890432347405484,8.19,62.662204855635814,1.5637502597509103,2.0141
32,Ni8937Co11Cr3819Al198Mo306Ti197Nb542Fe3160,2.988046224680522,8.19,62.6043846122157,1.5673615245233843,2.0791
33,Ni8867Co14Cr3892Al198Mo308Ti195Nb554Fe3162,2.9828131967003015,8.19,62.76264186966959,1.5616471213288625,2.1441
34,Ni8918Co12Cr3884Al201Mo321Ti210Nb579Fe3126,2.9153861009110944,8.19,63.46659061830956,1.5595071623566052,2.209
35,Ni8856Co12Cr3873Al204Mo303Ti198Nb550Fe3172,2.8575691322545476,8.19,63.98625098709591,1.5625237163787458,2.274
36,Ni8898Co13Cr3884Al195Mo318Ti193Nb514Fe3192,2.861128521920812,8.19,63.88755333755803,1.5659751863448756,2.339
37,Ni8950Co20Cr3867Al196Mo301Ti189Nb486Fe3202,2.858941367635229,8.19,63.75540807981327,1.574415544224437,2.404
38,Ni8847Co14Cr3865Al195Mo309Ti227Nb532Fe3166,2.893896286244345,8.19,63.58936952097558,1.5644094698936002,2.4689
39,Ni8789Co15Cr3749Al231Mo306Ti368Nb520Fe3138,2.949629372647345,8.19,62.986233904675615,1.5671595801473148,2.5339
40,Ni8923Co13Cr3801Al198Mo311Ti205Nb553Fe3160,2.9461124482152528,8.19,63.03280498660756,1.566521608255435,2.5989
41,Ni8910Co10Cr3836Al192Mo304Ti196Nb503Fe3194,2.946946632412132,8.19,62.96166138240235,1.5699103242495678,2.6639
42,Ni8962Co11Cr3897Al199Mo299Ti182Nb454Fe3244,2.944695246698624,8.19,62.90198283323713,1.5743309930541152,2.7288
43,Ni8910Co13Cr3813Al197Mo310Ti192Nb542Fe3167,3.010286746656316,8.19,62.397686390349605,1.5667676473069867,2.7938
44,Ni8661Co12Cr3767Al390Mo302Ti364Nb564Fe3094,3.0331830635380403,8.19,62.443276281185355,1.5525328045881737,2.8588
45,Ni8846Co11Cr3818Al195Mo307Ti218Nb640Fe3098,2.983922101910161,8.19,62.878111491205935,1.554906783786162,2.9237
46,Ni8867Co12Cr3738Al198Mo317Ti212Nb608Fe3104,2.989164124005207,8.19,62.71163475180144,1.561049089231129,2.9887
47,Ni8803Co12Cr3494Al195Mo311Ti213Nb649Fe3087,2.9244086024335374,8.19,63.26930884887309,1.565341540660217,3.0537
48,Ni8921Co11Cr3570Al196Mo307Ti191Nb509Fe3168,2.860137934044979,8.19,63.63255364294636,1.5805006866268017,3.1187
49,Ni8933Co11Cr3699Al197Mo300Ti203Nb495Fe3181,2.8617501630852535,8.19,63.66781911824366,1.5776742193070261,3.1836
50,Ni8831Co12Cr3746Al197Mo302Ti207Nb564Fe3139,2.8609288440484546,8.19,63.892217939803444,1.5658292862910843,3.2486
51,Ni8931Co12Cr3895Al201Mo307Ti211Nb521Fe3173,2.8608849885426704,8.19,63.878621326968165,1.5665972134562922,3.3136
52,Ni8925Co11Cr3886Al199Mo306Ti196Nb486Fe3210,2.860899216738567,8.19,63.81507655927396,1.5700682890873265,3.3785
53,Ni8873Co11Cr3907Al205Mo304Ti202Nb546Fe3180,2.860900261053996,8.19,63.968463436302756,1.5616761932032799,3.4435
54,Ni8869Co13Cr3849Al200Mo304Ti192Nb510Fe3183,2.8609000188331146,8.19,63.84877766829652,1.5682223934443273,3.5085
55,Ni8563Co8Cr3730Al397Mo301Ti338Nb563Fe3048,2.8608999955915624,8.19,64.16679517223237,1.5508557409553347,3.5735
56,Ni8953Co11Cr3873Al201Mo312Ti179Nb472Fe3236,2.860899999583952,8.19,63.778970343566584,1.5720460990536032,3.6384
57,Ni8892Co10Cr3870Al205Mo317Ti207Nb510Fe3171,2.860900000072978,8.19,63.8902859722288,1.5659507685106537,3.7034
58,Ni8962Co9Cr3883Al201Mo306Ti191Nb512Fe3206,2.860900000008808,8.19,63.850631087609045,1.5681209397312161,3.7684
59,Ni8976Co7Cr3835Al198Mo306Ti197Nb543Fe3171,2.860899999998874,8.19,63.86895429644891,1.5671180080505087,3.8333
60,Ni8929Co11Cr3846Al194Mo301Ti184Nb489Fe3212,2.8609000000002354,8.19,63.77688726192259,1.5721602638831926,3.8983
61,Ni8955Co14Cr3827Al199Mo305Ti192Nb518Fe3196,2.860899999998031,8.19,63.799943003554304,1.5708968820974984,3.9633
62,Ni8960Co12Cr3791Al202Mo300Ti196Nb496Fe3207,2.8608999999752176,8.19,63.732758049088844,1.5745796795063476,4.0283
63,Ni8955Co201Cr3772Al236Mo389Ti257Nb485Fe2871,2.860900000086522,8.2,62.99104838796534,1.6154970769971193,4.0932
64,Ni8892Co199Cr3761Al234Mo385Ti262Nb481Fe2889,2.860900001436944,8.2,63.010788753589885,1.6144018454654585,4.1582
65,Ni8849Co187Cr3795Al229Mo369Ti244Nb469Fe2916,2.8608999966502555,8.2,63.05475653147796,1.6119636699517388,4.2232
66,Ni8888Co175Cr3784Al238Mo372Ti239Nb462Fe2939,2.860899917996576,8.2,63.0793061971203,1.6106030827315116,4.2882
67,Ni8986Co280Cr3804Al246Mo398Ti251Nb377Fe2864,2.860900105626655,8.2,62.479525413628934,1.6439975494883083,4.3531
68,Ni8882Co359Cr3765Al269Mo449Ti290Nb426Fe2660,2.8609045709587018,8.2,62.339109640396984,1.6518593414980904,4.4181
69,Ni8879Co350Cr3715Al259Mo446Ti284Nb471Fe2639,2.860898966309767,8.2,62.41074186502683,1.6478484060666958,4.4831
70,Ni8799Co303Cr3704Al271Mo428Ti280Nb509Fe2704,2.86064950371412,8.2,62.70174593661072,1.6317304592957036,4.548
71,Ni8835Co290Cr3825Al252Mo409Ti285Nb479Fe2750,2.8606985549626587,8.2,62.733403923134226,1.6299379795216065,4.613
72,Ni8833Co332Cr3822Al253Mo423Ti287Nb436Fe2716,2.881723324943048,8.2,62.27797685236055,1.6433302953110436,4.678
73,Ni8900Co404Cr3868Al265Mo444Ti280Nb366Fe2651,2.949874499673593,8.2,61.18273845184545,1.6655118302442922,4.7429
74,Ni8869Co394Cr3721Al271Mo442Ti281Nb382Fe2637,2.9920269086701565,8.2,60.72438607482088,1.667180263754372,4.8079
75,Ni8840Co365Cr3937Al258Mo438Ti282Nb427Fe2677,2.9893976798392687,8.2,61.144983087974616,1.645556806487179,4.8729
76,Ni8847Co357Cr3955Al262Mo407Ti302Nb386Fe2680,2.9847533930046066,8.2,61.09712143982924,1.6507408429549724,4.9379
77,Ni8836Co375Cr3912Al264Mo449Ti290Nb421Fe2660,3.0366318449522263,8.2,60.62527828461906,1.6480702042005198,5.0028
78,Ni8840Co422Cr3881Al265Mo452Ti304Nb416Fe2580,2.9970958144139535,8.2,60.77373162293992,1.661650367181553,5.0678
79,Ni8852Co419Cr3926Al276Mo468Ti304Nb429Fe2555,3.0431960481777716,8.2,60.41591471928231,1.6558828910358274,5.1328
80,Ni8809Co409Cr3920Al273Mo460Ti319Nb466Fe2559,3.080356426300816,8.2,60.16778665041085,1.6492672017774965,5.1978
81,Ni8842Co395Cr3917Al271Mo451Ti291Nb441Fe2594,3.027775308008616,8.2,60.66278245388774,1.6508484423939596,5.2627
82,Ni8916Co399Cr4016Al267Mo444Ti287Nb388Fe2625,3.032156230230318,8.2,60.52862473943348,1.6557649360231395,5.3277
83,Ni8864Co429Cr3989Al275Mo466Ti300Nb412Fe2548,3.0310598909294613,8.2,60.497244069376045,1.658074708669088,5.3927
84,Ni8867Co448Cr3849Al283Mo483Ti314Nb428Fe2518,3.0352310818642434,8.2,60.32994485659915,1.664919717595194,5.4576
85,Ni8843Co428Cr3803Al269Mo464Ti302Nb413Fe2567,2.9842407241548417,8.2,60.830702197935274,1.665668423081369,5.5226
86,Ni8873Co440Cr3785Al277Mo471Ti306Nb394Fe2557,2.990069199752874,8.2,60.67217175693259,1.671148776394479,5.5876
87,Ni8889Co453Cr3914Al282Mo468Ti294Nb361Fe2563,3.003468960937026,8.2,60.50870777722198,1.6726755216724563,5.6526
88,Ni8803Co425Cr3804Al278Mo475Ti329Nb439Fe2531,3.034804142328273,8.2,60.433278931476785,1.659514859847307,5.7175
89,Ni8851Co427Cr3813Al277Mo472Ti319Nb423Fe2551,2.9847619737669553,8.2,60.87460905525261,1.6629601658648703,5.7825
90,Ni8870Co435Cr3558Al273Mo471Ti317Nb425Fe2524,2.989110439474435,8.2,60.57415731743845,1.6770937070570813,5.8475
91,Ni8839Co464Cr3668Al284Mo480Ti327Nb408Fe2488,2.989079473745641,8.2,60.538830533395895,1.6790627490642065,5.9124
92,Ni8910Co448Cr3614Al276Mo446Ti292Nb355Fe2569,2.988999488057428,8.2,60.36071748547298,1.6889653792366197,5.9774
93,Ni8665Co421Cr3504Al274Mo503Ti399Nb624Fe2383,2.9889965145947235,8.2,61.14215701740601,1.645932297929677,6.0424
94,Ni8758Co437Cr3535Al285Mo493Ti346Nb495Fe2464,2.9889984698441654,8.2,60.78686685607051,1.665428841893118,6.1074
95,Ni8877Co450Cr3866Al280Mo444Ti306Nb387Fe2540,2.98910928763965,8.2,60.6319709390574,1.6739028607883062,6.1723
96,Ni8937Co441Cr3959Al277Mo447Ti279Nb333Fe2593,2.9891981845992546,8.2,60.61896305001338,1.6745708692858243,6.2373
97,Ni8822Co399Cr3997Al269Mo456Ti305Nb452Fe2560,2.983200221815574,8.2,61.18772199656909,1.6466331491120125,6.3023
98,Ni8834Co422Cr3951Al281Mo459Ti329Nb465Fe2514,3.0305533272564897,8.2,60.609870129655185,1.6522145584611527,6.3673
99,Ni8849Co429Cr3976Al274Mo457Ti304Nb416Fe2559,2.9837742865356343,8.2,60.95985949348981,1.6588204467833711,6.4322
100,Ni8932Co442Cr3963Al273Mo453Ti292Nb382Fe2571,2.9843548905640374,8.2,60.77563924968683,1.6686391726254532,6.4972
101,Ni8901Co455Cr3840Al286Mo470Ti299Nb385Fe2523,2.917601817072302,8.2,61.350965972644424,1.6745234624579397,6.5622
102,Ni8716Co436Cr3645Al275Mo499Ti378Nb606Fe2371,2.857922664091324,8.2,62.44001582046026,1.647923657584468,6.6271
103,Ni8935Co443Cr3876Al279Mo454Ti268Nb316Fe2610,2.8614458461419705,8.2,61.8311430527964,1.680140185812157,6.6921
104,Ni8752Co435Cr3869Al278Mo489Ti347Nb493Fe2493,2.8609541975675676,8.2,62.351567166428936,1.6511322676634244,6.7571
105,Ni8800Co438Cr3877Al285Mo501Ti343Nb486Fe2466,2.8609533892166406,8.2,62.329822678430844,1.6523519112067957,6.822
106,Ni8847Co456Cr3820Al284Mo475Ti299Nb393Fe2525,2.861471273377187,8.2,61.955247434551644,1.67311788730275,6.887
107,Ni8864Co456Cr3865Al284Mo469Ti310Nb397Fe2543,2.858019695643775,8.2,62.02204330111412,1.6713682125588034,6.952
108,Ni8787Co444Cr3769Al272Mo486Ti326Nb477Fe2471,2.9181105692694973,8.2,61.58686172522496,1.6610803818841298,7.017
109,Ni8917Co449Cr3855Al293Mo471Ti319Nb390Fe2518,2.985025521800269,8.2,60.716116495519366,1.67154688925018,7.0819
110,Ni8874Co432Cr3896Al278Mo452Ti327Nb393Fe2551,2.988052528508448,8.2,60.77682576228677,1.666508939011863,7.1469
111,Ni8874Co425Cr3775Al271Mo468Ti322Nb446Fe2531,2.9889392773694627,8.2,60.830697562674466,1.6630502803210443,7.2119
112,Ni8822Co424Cr3818Al276Mo477Ti332Nb483Fe2516,2.9865026739201763,8.2,61.01226961118843,1.6544274518440807,7.2769
113,Ni8864Co432Cr3992Al275Mo450Ti286Nb361Fe2574,3.028030613060249,8.2,60.38446559350109,1.6658956620576244,7.3418
114,Ni8721Co430Cr3861Al514Mo453Ti341Nb450Fe2487,3.0590871549332324,8.2,60.3776233091902,1.6493535461710755,7.4068
115,Ni8835Co439Cr3966Al275Mo473Ti295Nb388Fe2551,3.0312275915854565,8.2,60.41334009448763,1.6625615454982796,7.4718
116,Ni8806Co482Cr3827Al286Mo501Ti361Nb469Fe2397,3.0983684079338247,8.21,59.6330136188292,1.668493792316472,7.5367
117,Ni8856Co640Cr3916Al317Mo538Ti362Nb338Fe2246,3.116041390257884,8.21,58.62814880711055,1.7135691821614492,7.6017
118,Ni8886Co662Cr3891Al319Mo542Ti345Nb304Fe2232,3.094454187767628,8.21,58.64905269170133,1.7243711831880253,7.6667
119,Ni8836Co668Cr3995Al359Mo555Ti383Nb333Fe2203,3.116677117691869,8.21,58.62615201438588,1.713328935545813,7.7317
120,Ni8816Co710Cr3986Al324Mo586Ti414Nb347Fe2090,3.1131805352049327,8.21,58.5325017072008,1.7203885069794345,7.7966
121,Ni8954Co712Cr4104Al335Mo532Ti339Nb271Fe2197,3.163240744902165,8.21,57.82178045433395,1.7317830067270663,7.8616
122,Ni8870Co726Cr4028Al320Mo563Ti375Nb307Fe2123,3.1308177252087575,8.21,58.17142845290159,1.7304612385523448,7.9266
123,Ni8824Co708Cr3993Al331Mo577Ti389Nb340Fe2121,3.117879872069586,8.21,58.471728208962105,1.7211273335237294,7.9915
124,Ni8803Co712Cr3927Al327Mo573Ti402Nb360Fe2105,3.1169010037867624,8.21,58.44694269302928,1.7230281139807868,8.0565
125,Ni8949Co738Cr4064Al326Mo545Ti346Nb275Fe2164,3.117082367221479,8.21,58.165726899427405,1.7384009331908994,8.1215
126,Ni8731Co724Cr3789Al331Mo615Ti442Nb459Fe1989,3.117103290325698,8.21,58.58229516308423,1.7154954955714894,8.1865
127,Ni8886Co751Cr3868Al330Mo559Ti372Nb292Fe2107,3.1171003700241746,8.21,58.02305487303406,1.7462695838948683,8.2514
128,Ni8879Co747Cr3814Al338Mo576Ti402Nb346Fe2071,3.1170999833324844,8.21,58.149144151105695,1.7393058547446973,8.3164
129,Ni8870Co753Cr3892Al339Mo579Ti375Nb282Fe2086,3.117100323694203,8.21,58.06224321751101,1.7441036074775866,8.3814
130,Ni8734Co776Cr3642Al340Mo625Ti453Nb382Fe1956,3.1170983068724962,8.21,58.09351275547786,1.7423774659241735,8.4464
131,Ni8877Co793Cr3996Al351Mo595Ti400Nb297Fe2023,3.117080194003127,8.21,58.0487128455212,1.7448625554779151,8.5113
132,Ni8858Co781Cr3965Al349Mo611Ti412Nb329Fe2004,3.1171749057935894,8.21,58.17398567834285,1.7378938590888917,8.5763
133,Ni8768Co760Cr3875Al327Mo602Ti420Nb370Fe2005,3.1182618703514757,8.21,58.26118297179042,1.7324848010898721,8.6413
134,Ni8842Co788Cr3951Al331Mo586Ti404Nb328Fe2012,3.1140608436172474,8.21,58.10458326533732,1.7434650981473534,8.7062
135,Ni8785Co793Cr4027Al338Mo600Ti414Nb307Fe1983,3.1473247229938024,8.21,57.81996400293896,1.7406404492323004,8.7712
136,Ni8919Co825Cr4044Al358Mo607Ti396Nb257Fe1975,3.116461106522177,8.21,57.87998795895328,1.7545493865306132,8.8362
137,Ni8807Co818Cr3981Al347Mo620Ti412Nb323Fe1972,3.1166936768056988,8.21,58.05716212680606,1.744611961442102,8.9012
138,Ni8776Co815Cr4005Al347Mo628Ti445Nb329Fe1945,3.1171038609075445,8.21,58.12583146075494,1.740590117275578,8.9661
139,Ni8910Co824Cr3974Al347Mo590Ti380Nb257Fe2017,3.1171075038876914,8.21,57.78679944248124,1.7593548475864254,9.0311
140,Ni8868Co816Cr3995Al350Mo599Ti380Nb264Fe2009,3.1171000765196717,8.21,57.8854297323176,1.7538881172871439,9.0961
141,Ni8822Co810Cr4032Al342Mo602Ti441Nb328Fe1972,3.117099863138738,8.21,58.09999163990752,1.742018831167311,9.161
142,Ni8888Co823Cr4042Al350Mo589Ti386Nb276Fe2006,3.11709999525109,8.21,57.89668914618068,1.753264207607687,9.226
143,Ni8884Co812Cr3956Al340Mo615Ti398Nb319Fe1989,3.1171000327247778,8.21,58.005922127041046,1.7472171868009685,9.291
144,Ni8821Co842Cr3870Al355Mo642Ti447Nb302Fe1913,3.1171000852841817,8.21,57.85052742856356,1.7558230414191076,9.356
145,Ni8975Co878Cr3685Al351Mo575Ti328Nb196Fe2002,3.117098417501077,8.21,57.10736510410085,1.7973031856720614,9.4209
146,Ni8845Co817Cr3795Al353Mo607Ti388Nb275Fe1996,3.117093650801114,8.21,57.75454515134584,1.7611538094875094,9.4859
147,Ni8755Co810Cr3752Al349Mo634Ti453Nb360Fe1923,3.1171809382105287,8.21,58.009163704215915,1.746992567373701,9.5509
148,Ni8834Co823Cr3691Al345Mo606Ti400Nb304Fe1986,3.1175330502885745,8.21,57.69351924831374,1.7642967306625903,9.6158
149,Ni8873Co818Cr3982Al339Mo593Ti371Nb239Fe2045,3.1130510389570123,8.21,57.84082927557882,1.7586453417657861,9.6808
150,Ni8713Co800Cr3850Al340Mo653Ti462Nb421Fe1905,3.166006936386372,8.21,57.827052367081464,1.7299819513223305,9.7458
151,Ni8938Co838Cr3877Al348Mo575Ti402Nb246Fe1998,3.125466379235485,8.21,57.495095126840965,1.770841457909078,9.8108
152,Ni8845Co837Cr4056Al357Mo610Ti413Nb297Fe1958,3.120263348056868,8.21,57.921505305069246,1.7501133332393792,9.8757
153,Ni8787Co822Cr4003Al342Mo621Ti437Nb350Fe1922,3.0838641720306104,8.21,58.44354509251867,1.7416750832516552,9.9407
154,Ni8905Co846Cr3952Al348Mo598Ti375Nb248Fe1995,3.015651293202071,8.21,58.703681158458124,1.7663439766174664,10.0057
155,Ni8841Co833Cr4007Al356Mo618Ti425Nb304Fe1939,2.987975935465803,8.21,59.26830184462592,1.7506685899602545,10.0707
156,Ni8769Co808Cr3958Al347Mo635Ti456Nb345Fe1930,2.989336422538245,8.21,59.45747165646244,1.739211709853362,10.1356
157,Ni8888Co826Cr4086Al343Mo615Ti403Nb273Fe1996,2.9873953434761704,8.21,59.28567557851379,1.7500277251457406,10.2006
158,Ni8866Co816Cr4083Al343Mo603Ti407Nb305Fe1983,3.0567599057327315,8.21,58.661227032981365,1.7449561672976008,10.2656
159,Ni8835Co844Cr4188Al348Mo616Ti431Nb310Fe1931,3.034462780361634,8.21,58.90713805432111,1.7439921053605822,10.3305
160,Ni8901Co823Cr3832Al354Mo590Ti402Nb266Fe1983,3.048151208124655,8.21,58.386560429070485,1.7652813641356517,10.3955
161,Ni8859Co833Cr3609Al354Mo625Ti437Nb306Fe1936,3.1166020657719584,8.21,57.62443536677807,1.7686681568378917,10.4605
162,Ni8827Co824Cr3502Al352Mo592Ti428Nb300Fe1957,3.1162311184951985,8.21,57.49676557893715,1.7759962901444468,10.5255
163,Ni8782Co826Cr3601Al344Mo649Ti439Nb356Fe1900,3.1170930248358744,8.21,57.81087953108571,1.758026457582904,10.5904
164,Ni8899Co829Cr3582Al344Mo597Ti390Nb272Fe1960,3.117097402867813,8.21,57.44920159217107,1.7781577140266134,10.6554
165,Ni8775Co823Cr3659Al338Mo624Ti404Nb320Fe1952,3.117071496459051,8.21,57.74863128922598,1.7614948457558721,10.7204
166,Ni8841Co817Cr3656Al344Mo613Ti455Nb359Fe1913,3.118079497074016,8.21,57.802550013066764,1.7579323873049584,10.7853
167,Ni8899Co837Cr3790Al349Mo597Ti370Nb237Fe1996,3.119778655593308,8.22,57.472660852665555,1.7753208667296871,10.8503
168,Ni8793Co919Cr3970Al361Mo656Ti458Nb303Fe1799,3.186615643496051,8.22,56.90534995702205,1.769215018376046,10.9153
169,Ni8939Co1022Cr3998Al381Mo668Ti416Nb198Fe1729,3.2487151723238563,8.22,55.62678986828836,1.805345305764067,10.9803
170,Ni8805Co970Cr3936Al370Mo671Ti480Nb280Fe1720,3.2180986310186475,8.22,56.31927949867561,1.7840760431592688,11.0452
171,Ni8873Co994Cr4172Al378Mo638Ti417Nb214Fe1764,3.1504282708190576,8.22,56.87903882376819,1.7910050648621882,11.1102
172,Ni8801Co1037Cr3995Al386Mo718Ti491Nb258Fe1618,3.1146784426657335,8.22,57.17896166233959,1.794676942272184,11.1752
173,Ni8857Co1053Cr3955Al386Mo687Ti451Nb205Fe1659,3.114735938963426,8.22,56.88330815015159,1.8112875475655474,11.2401
174,Ni8837Co1015Cr3911Al376Mo693Ti453Nb241Fe1701,3.1509099771547215,8.22,56.73327873181806,1.79887469033028,11.3051
175,Ni8855Co1039Cr4036Al386Mo710Ti484Nb234Fe1633,3.1586344476689634,8.22,56.68011971124138,1.7974433842208877,11.3701
176,Ni8838Co1053Cr4048Al395Mo682Ti474Nb225Fe1646,3.1599795869349223,8.22,56.555883441473945,1.8036222498307517,11.4351
177,Ni8881Co1085Cr4042Al393Mo697Ti449Nb199Fe1606,3.1604049656504167,8.22,56.360189648458444,1.8143470227634493,11.5
178,Ni8842Co1102Cr4035Al405Mo729Ti482Nb216Fe1559,3.157477665608651,8.22,56.436912850827404,1.8117206801645458,11.565
179,Ni8795Co1095Cr3989Al404Mo707Ti474Nb221Fe1558,3.221721635144325,8.22,55.74872115757137,1.8136753604487963,11.63
180,Ni8923Co1117Cr4015Al410Mo686Ti445Nb168Fe1585,3.2458925447805913,8.22,55.24906598078859,1.8279063242936928,11.695
181,Ni8755Co1099Cr4024Al415Mo750Ti529Nb226Fe1509,3.2454410588216684,8.22,55.65210985491047,1.8057644105285247,11.7599
182,Ni8666Co1106Cr4004Al410Mo758Ti699Nb245Fe1467,3.2451920461600063,8.22,55.72713545579846,1.801751569118815,11.8249
183,Ni8898Co1145Cr3996Al406Mo720Ti467Nb187Fe1522,3.245195464947735,8.22,55.23441414968685,1.829116269379582,11.8899
184,Ni8883Co1134Cr4008Al401Mo713Ti436Nb190Fe1557,3.245200056688921,8.22,55.2845243331702,1.826319350368179,11.9548
185,Ni8854Co1140Cr3968Al410Mo735Ti490Nb204Fe1508,3.2451999930024726,8.22,55.31612971062513,1.8245582545380765,12.0198
186,Ni8677Co1106Cr3953Al399Mo768Ti583Nb263Fe1463,3.2451999642476554,8.22,55.695543207776865,1.803494585625275,12.0848
187,Ni8816Co1134Cr3809Al408Mo729Ti498Nb210Fe1491,3.2452049450430027,8.22,55.195088231582254,1.8313056587806786,12.1498
188,Ni8769Co1137Cr3928Al398Mo749Ti516Nb226Fe1486,3.245207171875516,8.22,55.38634651383888,1.8206451672749995,12.2147
189,Ni8826Co1129Cr3861Al400Mo727Ti478Nb211Fe1517,3.2449363446386346,8.22,55.26008799166298,1.8278302289441624,12.2797
190,Ni8794Co1138Cr3712Al411Mo765Ti533Nb240Fe1459,3.244509366138976,8.22,55.25145218108941,1.8285524717748878,12.3447
191,Ni8857Co1156Cr3875Al409Mo735Ti530Nb220Fe1471,3.269332794928722,8.22,54.95936272779306,1.8308816229109044,12.4096
192,Ni8835Co1148Cr3764Al410Mo733Ti493Nb200Fe1491,3.3376216605474722,8.22,54.16232291732717,1.8371904630343883,12.4746
193,Ni8866Co1141Cr3889Al405Mo725Ti471Nb193Fe1508,3.375770155190922,8.22,53.88902761993636,1.8314140761298483,12.5396
194,Ni8884Co1147Cr3799Al411Mo712Ti471Nb199Fe1514,3.373507307828446,8.22,53.78771527228985,1.8382206676083597,12.6046
195,Ni8894Co1155Cr3851Al411Mo716Ti475Nb178Fe1496,3.373253644569607,8.22,53.75969123891097,1.8399038391692217,12.6695
196,Ni8862Co1160Cr3899Al405Mo734Ti455Nb185Fe1505,3.3732627592286533,8.22,53.84538255210304,1.8351773245282004,12.7345
197,Ni8725Co1127Cr3943Al392Mo758Ti541Nb255Fe1466,3.373539430921262,8.22,54.27134217384646,1.8116695515769683,12.7995
198,Ni8884Co1164Cr3918Al403Mo730Ti480Nb207Fe1482,3.3753385273169747,8.22,53.86036373789448,1.8332245498455615,12.8644
199,Ni8827Co1143Cr3736Al413Mo731Ti507Nb213Fe1502,3.3404764420413,8.22,54.16663786563723,1.8353819140338152,12.9294
200,Ni8825Co1154Cr3868Al402Mo719Ti493Nb196Fe1491,3.2716109010787857,8.22,54.84675139531306,1.8358761058380217,12.9944
201,Ni8665Co1121Cr3732Al413Mo750Ti534Nb261Fe1469,3.2466040205427276,8.22,55.37296072545246,1.820606335695036,13.0594
202,Ni8806Co1141Cr3627Al409Mo744Ti496Nb222Fe1469,3.185850456955328,8.22,55.64747872701163,1.8398020343579187,13.1243
203,Ni8834Co1156Cr3602Al417Mo722Ti488Nb200Fe1478,3.1222103813635056,8.22,56.113660447729174,1.85058285888729,13.1893
204,Ni8819Co1158Cr3554Al407Mo740Ti494Nb203Fe1477,3.0579061842743487,8.22,56.7707364343096,1.8514276191884946,13.2543
205,Ni8845Co1156Cr3625Al402Mo729Ti477Nb182Fe1486,2.990792913076715,8.22,57.462732192498855,1.8524638789793761,13.3192
206,Ni8832Co1156Cr3530Al411Mo741Ti497Nb182Fe1467,2.9897206757074204,8.22,57.419699983780326,1.8556340087537564,13.3842
207,Ni8770Co1176Cr3563Al415Mo769Ti493Nb191Fe1448,2.989155213243466,8.22,57.47301635205299,1.8528801271727342,13.4492
208,Ni8774Co1147Cr3636Al408Mo760Ti526Nb213Fe1452,3.0068127583584827,8.22,57.501401593268554,1.840356907521098,13.5142
209,Ni8689Co1127Cr3883Al402Mo776Ti521Nb236Fe1486,3.0749519828796354,8.22,57.216187396286145,1.8157465037123615,13.5791
210,Ni8857Co1164Cr3924Al407Mo767Ti503Nb209Fe1456,3.120142591574715,8.22,56.50835790682224,1.8293446997031388,13.6441
211,Ni8713Co1166Cr3882Al414Mo774Ti514Nb216Fe1429,3.11682267478148,8.22,56.5635834317062,1.8281592171670193,13.7091
212,Ni8846Co1171Cr3931Al406Mo723Ti477Nb191Fe1489,3.1389980456063324,8.22,56.16580788542569,1.8377265817729276,13.7741
213,Ni8782Co1140Cr3963Al405Mo750Ti475Nb211Fe1494,3.2072150553936,8.22,55.74716676966597,1.8219657463618213,13.839
214,Ni8843Co1148Cr3750Al424Mo733Ti486Nb191Fe1483,3.247996916629635,8.22,55.01893551081001,1.8395731071455266,13.904
215,Ni8839Co1151Cr3881Al399Mo718Ti489Nb180Fe1495,3.2453713648067044,8.22,55.08774024917583,1.837210376189085,13.969
216,Ni8810Co1185Cr3879Al403Mo753Ti498Nb195Fe1436,3.2451518116615157,8.22,55.05884928502157,1.838951212201591,14.0339
217,Ni8810Co1179Cr3915Al408Mo767Ti509Nb212Fe1425,3.245196080987232,8.22,55.18823064862728,1.8316935355859822,14.0989
218,Ni8855Co1334Cr3997Al437Mo775Ti520Nb140Fe1245,3.2452007984301408,8.22,54.46442882674016,1.8723722112377874,14.1639
219,Ni8874Co1311Cr3948Al434Mo779Ti517Nb142Fe1264,3.245200045573245,8.23,54.478693465144076,1.871565690319238,14.2289
220,Ni8780Co1295Cr3931Al453Mo792Ti539Nb156Fe1261,3.245200280293418,8.23,54.62694269215247,1.8631915346428476,14.2938
221,Ni8789Co1298Cr4050Al428Mo811Ti592Nb176Fe1240,3.2452024600137888,8.23,54.806110524499694,1.8531000753843945,14.3588
222,Ni8827Co1354Cr4023Al442Mo792Ti542Nb129Fe1219,3.2451861808995304,8.23,54.39419798074119,1.8763567285104776,14.4238
223,Ni8833Co1361Cr4049Al440Mo797Ti543Nb133Fe1199,3.24505152767342,8.23,54.40336561328356,1.875915254218284,14.4887
224,Ni8794Co1371Cr3930Al438Mo799Ti563Nb140Fe1164,3.2458236140308947,8.23,54.26262628514639,1.883449474647618,14.5537
225,Ni8843Co1383Cr4010Al444Mo825Ti547Nb132Fe1147,3.2559442850524625,8.23,54.21399052561091,1.8803490768671742,14.6187
226,Ni8866Co1399Cr4004Al453Mo811Ti544Nb133Fe1133,3.3284049585454807,8.23,53.388315101343984,1.8855226155152405,14.6836
227,Ni8816Co1405Cr4001Al450Mo842Ti584Nb132Fe1084,3.3460529611054786,8.23,53.25739859872384,1.8829153559502585,14.7486
228,Ni8882Co1413Cr3823Al459Mo813Ti535Nb112Fe1109,3.3739573766399706,8.23,52.647772772430834,1.9014651911806735,14.8136
229,Ni8869Co1415Cr3973Al458Mo817Ti536Nb115Fe1102,3.3735800279479546,8.23,52.80805552469238,1.8926672403436235,14.8785
230,Ni8864Co1406Cr3928Al452Mo810Ti548Nb119Fe1102,3.3733461375036766,8.23,52.79390843467605,1.8935927309245821,14.9435
231,Ni8784Co1417Cr3936Al442Mo830Ti537Nb133Fe1103,3.3766890591468957,8.23,52.81362242726493,1.8906124219716964,15.0085
232,Ni8777Co1431Cr3869Al466Mo849Ti575Nb115Fe1048,3.3302711746955818,8.23,53.162777261482276,1.897177968161875,15.0734
233,Ni8833Co1442Cr3856Al464Mo824Ti546Nb107Fe1056,3.262047841715095,8.23,53.6956071369287,1.9062840944540738,15.1384
234,Ni8825Co1435Cr3871Al461Mo858Ti577Nb116Fe1048,3.245474224215323,8.23,54.01107257586143,1.8979695113462667,15.2034
235,Ni8864Co1459Cr3911Al460Mo819Ti540Nb97Fe1071,3.2449770447160065,8.23,53.82092303429174,1.9091287300462427,15.2684
236,Ni8795Co1461Cr3916Al460Mo861Ti578Nb112Fe1009,3.2451879245495925,8.23,53.94649939677857,1.901823243533951,15.3333
237,Ni8732Co1468Cr3943Al466Mo854Ti598Nb119Fe999,3.245275092124641,8.23,53.966121940009955,1.9006515326906555,15.3983
238,Ni8866Co1467Cr3776Al476Mo853Ti544Nb104Fe1023,3.245456510053291,8.23,53.738272908871,1.9135820162757597,15.4633
239,Ni8683Co1454Cr3916Al450Mo873Ti650Nb147Fe990,3.241529114944516,8.23,54.15236103398565,1.8922199678174565,15.5282
240,Ni8776Co1439Cr3844Al473Mo846Ti591Nb104Fe1015,3.2959957431907343,8.23,53.412503901656585,1.9026884766641794,15.5932
241,Ni8838Co1460Cr3824Al474Mo852Ti569Nb93Fe1026,3.363934516855097,8.23,52.61077480561058,1.9092204078022321,15.6582
242,Ni8829Co1483Cr3837Al464Mo834Ti563Nb97Fe1027,3.3724562444064383,8.23,52.41349486287788,1.9155358748925047,15.7231
243,Ni8811Co1479Cr3860Al460Mo841Ti566Nb96Fe1019,3.373430441308882,8.23,52.45355328919422,1.9127179838068877,15.7881
244,Ni8880Co1482Cr3898Al456Mo817Ti528Nb94Fe1029,3.3732796977422206,8.23,52.39465873845324,1.9161338230015423,15.8531
245,Ni8772Co1448Cr3655Al471Mo873Ti618Nb119Fe1011,3.3735189892605613,8.23,52.525453445599524,1.9086073278256837,15.918
246,Ni8835Co1450Cr3705Al460Mo831Ti559Nb104Fe1040,3.3755966426650446,8.23,52.38263322786286,1.915498636216907,15.983
247,Ni8904Co1465Cr3711Al471Mo830Ti541Nb91Fe1049,3.3387830799472664,8.23,52.65777276537976,1.920928410369178,16.048
248,Ni8805Co1452Cr3801Al458Mo886Ti597Nb116Fe1015,3.27060465446139,8.23,53.68421980813414,1.9019452110516686,16.1129
249,Ni8855Co1476Cr3675Al470Mo845Ti546Nb97Fe1025,3.2443333208450325,8.23,53.579869469447914,1.9233435542701391,16.1779
250,Ni8833Co1465Cr3602Al463Mo854Ti575Nb102Fe1019,3.244934631141682,8.23,53.58131617316608,1.9229039363371545,16.2429
251,Ni8814Co1467Cr3597Al468Mo864Ti603Nb111Fe1002,3.2452106543824457,8.23,53.62091634800793,1.920463815858887,16.3078
252,Ni8791Co1483Cr3630Al463Mo884Ti577Nb106Fe990,3.2452050246035338,8.23,53.61451562366582,1.920835004181548,16.3728
253,Ni8845Co1427Cr3682Al456Mo835Ti561Nb121Fe1079,3.245199910313157,8.23,53.81699607786241,1.9092224627308065,16.4378
254,Ni8805Co1421Cr3667Al457Mo858Ti578Nb126Fe1053,3.245200009623163,8.23,53.89237151535614,1.9049095482057212,16.5027
255,Ni8796Co1481Cr3755Al458Mo831Ti533Nb115Fe1044,3.245200005762309,8.23,53.649054436203436,1.918853508676437,16.5677
256,Ni8832Co1490Cr3901Al468Mo851Ti553Nb98Fe984,3.245194358516131,8.23,53.74600367906176,1.9132933294797394,16.6327
257,Ni8847Co1485Cr3931Al463Mo855Ti569Nb92Fe997,3.245193477492799,8.23,53.795063781882966,1.9104823135995872,16.6977
258,Ni8768Co1469Cr3885Al462Mo886Ti650Nb126Fe976,3.2455024787487377,8.23,53.99196290254723,1.8990433366623085,16.7626
259,Ni8875Co1474Cr3987Al476Mo829Ti559Nb99Fe1019,3.245878563375474,8.23,53.85052216583001,1.906904628977372,16.8276
260,Ni8842Co1479Cr3926Al472Mo859Ti578Nb97Fe1003,3.2195068220648086,8.23,54.10787862797799,1.9077157274464254,16.8926
261,Ni8843Co1482Cr3879Al464Mo841Ti564Nb93Fe1015,3.2075333810783526,8.23,54.1165775740006,1.9143358757800921,16.9575
262,Ni8883Co1477Cr3834Al478Mo848Ti552Nb89Fe998,3.2481686436443398,8.23,53.67330020683985,1.9157087554222312,17.0225
263,Ni8874Co1480Cr3833Al467Mo841Ti545Nb89Fe1008,3.245427626717414,8.23,53.66865955724762,1.9175931412883747,17.0875
264,Ni8681Co1468Cr4023Al456Mo921Ti658Nb131Fe957,3.245149757867819,8.23,54.232504853332706,1.8855516152321652,17.1524
265,Ni8924Co1490Cr3973Al468Mo799Ti522Nb92Fe1035,3.245195030100479,8.23,53.67837522375477,1.9171727918530965,17.2174
266,Ni8837Co1475Cr3843Al476Mo879Ti583Nb102Fe988,3.245200819805757,8.23,53.836583137373076,1.9081006086264982,17.2824
267,Ni8832Co1556Cr3822Al487Mo898Ti625Nb79Fe850,3.245200103978806,8.23,53.46678154995435,1.9293405968048905,17.3473
268,Ni8575Co1517Cr3739Al468Mo867Ti607Nb78Fe839,3.245199987114248,8.24,53.42728691292279,1.9316177189191848,17.4123
269,Ni8905Co1574Cr3998Al490Mo865Ti573Nb65Fe868,3.245199999304236,8.24,53.40490887838971,1.932908658387185,17.4773
270,Ni8865Co1613Cr3954Al502Mo933Ti641Nb57Fe761,3.245199993773233,8.24,53.348936619838405,1.9361399660846772,17.5422
271,Ni8879Co1642Cr3908Al503Mo933Ti611Nb51Fe742,3.24519991625691,8.24,53.1622587287834,1.9469415755429968,17.6072
272,Ni8790Co1620Cr3915Al504Mo959Ti661Nb56Fe731,3.245200272624473,8.24,53.349863215325676,1.9360862793436058,17.6722
273,Ni8972Co1665Cr3841Al503Mo896Ti568Nb44Fe758,3.245204840048126,8.24,52.88690697395604,1.9629404440524767,17.7371
274,Ni8807Co1669Cr3998Al506Mo953Ti646Nb46Fe683,3.245189572960115,8.24,53.18796376172639,1.945458180867458,17.8021
275,Ni8882Co1673Cr3978Al517Mo945Ti647Nb40Fe690,3.244924699238097,8.24,53.12433021622896,1.9493061477390214,17.8671
276,Ni8876Co1694Cr3910Al511Mo905Ti607Nb40Fe704,3.245508318313225,8.24,52.86940210557128,1.963776894281264,17.932
277,Ni8859Co1683Cr3846Al513Mo944Ti633Nb38Fe685,3.2650893971566,8.24,52.735777811451634,1.9597505216567108,17.997
278,Ni8913Co1689Cr3897Al514Mo946Ti616Nb31Fe684,3.2879294599065854,8.24,52.507576546158234,1.9593264377889945,18.062
279,Ni8911Co1709Cr3951Al517Mo930Ti602Nb32Fe673,3.306191760537621,8.24,52.262044017839614,1.9626805133709722,18.127
280,Ni8877Co1728Cr4030Al526Mo950Ti653Nb26Fe641,3.3740584055617044,8.24,51.642682499799385,1.9585365626974522,18.1919
281,Ni8968Co1741Cr4059Al523Mo928Ti602Nb23Fe637,3.371550218170043,8.24,51.553702526142786,1.9651083663361713,18.2569
282,Ni8784Co1707Cr4037Al514Mo1014Ti699Nb36Fe620,3.371179682223795,8.24,51.94071342127631,1.9431395123001451,18.3219
283,Ni8898Co1732Cr4059Al519Mo938Ti618Nb24Fe629,3.305022747884337,8.24,52.288167206109335,1.9618627114729297,18.3868
284,Ni8822Co1742Cr3936Al522Mo942Ti654Nb21Fe593,3.243020312893108,8.24,52.769865131318724,1.9710943277649602,18.4518
285,Ni8872Co1745Cr3983Al530Mo959Ti628Nb18Fe601,3.2458825237145987,8.24,52.80327743847526,1.9674061517577606,18.5168
286,Ni8988Co1771Cr4013Al524Mo908Ti580Nb16Fe605,3.245183818360098,8.24,52.58833377263122,1.9803990103814386,18.5817
287,Ni8924Co1756Cr4040Al519Mo940Ti628Nb17Fe600,3.245948027792591,8.24,52.759174575843396,1.9699406696343855,18.6467
288,Ni8885Co1739Cr4034Al529Mo955Ti643Nb20Fe584,3.2497526081585897,8.24,52.82613557642667,1.9637314057817408,18.7117
289,Ni8860Co1748Cr3980Al524Mo972Ti683Nb26Fe560,3.1571086485734887,8.24,53.753826674959114,1.9662146497309916,18.7766
290,Ni8881Co1756Cr3944Al529Mo968Ti672Nb16Fe566,2.9570108802655053,8.24,55.7857072736509,1.9737921674730714,18.8416
291,Ni8837Co1748Cr4001Al536Mo971Ti688Nb16Fe560,2.761208168742023,8.24,58.05479987915842,1.9693654472033142,18.9066
292,Ni8838Co1754Cr4051Al530Mo979Ti670Nb17Fe560,2.5665855382031704,8.24,60.32947530239509,1.9689559657260385,18.9715
293,Ni8839Co1759Cr4077Al533Mo993Ti692Nb13Fe551,2.371601401412944,8.24,62.69622104822488,1.9685812727663166,19.0365
294,Ni8777Co1750Cr4047Al531Mo994Ti684Nb19Fe548,2.176600287100297,8.24,65.14033525669652,1.9692464527520668,19.1015
295,Ni8901Co1774Cr4083Al532Mo984Ti654Nb8Fe553,1.981899979975721,8.24,67.56420636783234,1.978363382264475,19.1664
296,Ni8858Co1752Cr4060Al541Mo1012Ti680Nb16Fe541,1.7868999947721116,8.24,70.31278462328115,1.971103848298518,19.2314
297,Ni8900Co1774Cr4085Al535Mo974Ti637Nb14Fe554,1.5918999994783403,8.24,72.93151766936944,1.9828462803304583,19.2964
298,Ni8911Co1781Cr4100Al527Mo972Ti647Nb13Fe544,1.397199980811915,8.24,75.76581472990203,1.9862796442041057,19.3613
299,Ni8886Co1776Cr4143Al532Mo1007Ti677Nb12Fe538,1.20220002387054,8.24,78.82655978544969,1.9790399939692191,19.4263
300,Ni8882Co1755Cr4019Al524Mo986Ti668Nb14Fe559,1.0072010791059878,8.24,81.86762797616258,1.9863614150403996,19.4913
301,Ni8791Co1752Cr4149Al530Mo993Ti711Nb13Fe547,0.8124997567896004,8.24,85.15634057025629,1.9776168149097233,19.5562
302,Ni8921Co1770Cr4118Al535Mo991Ti637Nb9Fe547,0.6174409178271777,8.24,88.44559078610324,1.9885727179629722,19.6212
303,Ni8992Co1810Cr4213Al532Mo950Ti588Nb9Fe549,0.4224490432735287,8.24,91.89466118714962,2.000886340723319,19.6862
304,Ni8980Co1803Cr4117Al533Mo918Ti581Nb5Fe556,0.23068624395418763,8.24,95.46445405625929,2.0120929548147544,19.7512
305,Ni8924Co1797Cr4047Al530Mo965Ti642Nb12Fe531,0.039017429690718884,8.24,99.21936937816386,2.0085728329772525,19.8161
306,Ni8818Co1758Cr4049Al533Mo1012Ti714Nb9Fe524,0.01866509165345765,8.24,99.62893766730689,1.9916991764141245,19.8811
307,Ni8899Co1796Cr4142Al531Mo978Ti642Nb5Fe534,0.0008266412509943146,8.24,99.9834526668976,2.0019207007510706,19.9461
308,Ni8931Co1791Cr4181Al536Mo989Ti669Nb7Fe534,0.00027721250419391247,8.24,99.99446686861339,1.99604432926508,20.011
309,Ni8853Co1790Cr4021Al535Mo970Ti674Nb9Fe528,1.96896196183373e-05,8.24,99.99960472413798,2.0075382404470674,20.076
310,Ni8896Co1800Cr4153Al545Mo977Ti669Nb6Fe531,4.6877819289077905e-06,8.24,99.99990619876141,2.000973680165253,20.141
311,Ni8857Co1780Cr4140Al534Mo1009Ti701Nb11Fe526,4.3634386708431493e-07,8.24,99.9999913003233,1.9937663242078623,20.2059
312,Ni8944Co1806Cr4024Al537Mo950Ti615Nb11Fe543,7.791094824942968e-08,8.24,99.99999842446799,2.022221605274533,20.2709
313,Ni8783Co1769Cr4130Al529Mo1034Ti707Nb12Fe521,1.0636926225698646e-08,8.24,99.99999977166202,2.1466538102404145,20.3359
314,Ni8972Co1793Cr4003Al540Mo973Ti637Nb8Fe530,1.0136909248322089e-08,8.24,99.9999997944958,2.0272864895865057,20.4008
